side,asin,brand,manufacturer,title
both,B00CY5M714,五木食品,五木食品,五木食品 スープ付うどん 210g×6袋(電子レンジ調理可能)(常温保存商品)
both,B0FK4N37KT,五木食品,五木食品,五木食品 1食生タイプ即席めん4種×各3個食べ比べセット(カレーうどん/チャンポン/そば/だんご汁 計12個)(常温保存)(電子レンジ調理可能)
both,B007JQBS7C,五木食品,五木食品,五木食品 熊本もっこすラーメン 123g×10個
both,B00CY5M7LO,五木食品,五木食品,五木食品 ナポリ風スパゲティ 200g×6袋(電子レンジ調理可能)(常温保存商品)
both,B0FK4MF551,五木食品,五木食品,五木食品 1食棒状ラーメン ゆず塩＆鶏だし醤油&こく味噌セット(3種×各5個 計15個)(ゆず塩/鶏だし醤油/こく味噌)(常温保存)(即席袋麺)
both,B09B9SCXF1,五木食品,五木食品,五木食品 火の国熊本黒 244g×10個
both,B00XKNPPD6,五木食品,五木食品,五木食品 中華細麺 280g×5個
both,B007JQBJMQ,五木食品,五木食品,五木食品 五木庵チャンポン 170g×10個(電子レンジ調理可能)(常温保存商品)
both,B07X5X25K6,五木食品,五木食品,五木食品 熊本赤辛ラーメン 120g ×10個
both,B08D9SWVPV,五木食品,五木食品,五木食品 五木庵カレーうどん 225g ×10個(電子レンジ調理可能)(常温保存商品)
both,B09WMP2C49,五木食品,五木食品,五木食品 3食入スープ付うどん 564g×6個(電子レンジ調理可能)(常温保存商品)
both,B00L4RUJTU,五木食品,五木食品,五木食品 くまモンの熊本ラーメン 176g×10個
both,B01987YMCM,五木食品,五木食品,五木食品 熊本もっこすラーメン 123g×20袋
both,B002LDAKQS,五木食品,五木食品,五木食品 火の国熊本とんこつラーメン 250g×10個
both,B00L4RUJVS,五木食品,五木食品,五木食品 2コ焼そば 340g×6個(常温保存商品)(生タイプ即席麵)
both,B074VWQCTP,五木食品,五木食品,五木食品 五木庵そば 161g×10個(電子レンジ調理可能)(常温保存商品)
both,B00L4RV63I,五木食品,五木食品,五木食品 3食入焼そば 510g×6個(常温保存商品)(生タイプ即席麵)
both,B09WHZG3TD,五木食品,五木食品,五木食品 濃厚とまとラーメン 120g×10個
both,B0CDLK51VH,五木食品,五木食品,五木食品 鍋焼えび天うどん 220g×18個 (アルミ鍋うどん)(常温保存商品)
both,B00L4RUJP4,五木食品,五木食品,五木食品 2コナポリタン 318g×6個(電子レンジ調理可能)(常温保存商品)
both,B0BTY9TJS4,五木食品,五木食品,五木食品 業務用中華麺 500g×2個
both,B007JQD302,五木食品,五木食品,五木食品 2コチャンポン 320g×6個(常温保存商品)(生タイプ即席麵)
both,B0GMFYP5M5,五木食品,五木食品,五木食品 タカモリ1食スパゲティ食ベ比ベセット(7種 計7個)(常温保存)(電子レンジ調理)
both,B0GLNYW2M6,五木食品,五木食品,五木食品 おいしい冷し中華レモン風味 222g×10個 （常温保存）
both,B0CDLK1FLR,五木食品,五木食品,五木食品 タカモリ 濃厚ナポリタン 185g ×10個 (電子レンジ調理可能)(生タイプ即席麵)
both,B0B389SN9R,五木食品,五木食品,【セット商品】五木食品 くまモンの熊本ラーメン&熊本もっこすラーメン 各5個セット 計10個
both,B09WMNGXKL,五木食品,五木食品,五木食品 3食濃厚ナポリタン 483g ×6個(電子レンジ調理可能)(常温保存商品)
both,B074VZ6FRM,五木食品,五木食品,五木食品 五木庵天ぷらうどん 214g×10個(電子レンジ調理可能)(常温保存商品)
both,B007JQBDVS,五木食品,五木食品,五木食品 アベックラーメンとんこつ味 180g×10個
both,B074VX72PT,五木食品,五木食品,五木食品 五木庵天ぷらそば 165g×10個(電子レンジ調理可能)(常温保存商品)
both,B0GMF6MTGF,五木食品,五木食品,五木食品 1食棒状ラーメン食べ比べアソートセット(4種×各2個 計8個)(熊本もっこす/熊本赤辛/濃厚とまと)(常温保存)(即席袋麺)
both,B007JQBIR2,五木食品,五木食品,五木食品 鴨だしそば 228g×6個
both,B079TCT3WW,五木食品,五木食品,五木食品 中華めん 250g×5袋
both,B0GLNTVQNZ,五木食品,五木食品,五木食品 半生冷し中華 252g×4個 (常温保存) (2食入)
both,B0GLNVQR67,五木食品,五木食品,五木食品 半生冷し中華ごまだれ 246g(2食入)×4個 (常温保存)
both,B0G2RS3JBD,五木食品,五木食品,五木食品 タカモリ３食ナポリタン474ｇ
both,B09MZ8JZHD,五木食品,五木食品,五木食品 スープ付うどん 210g×30個(電子レンジ調理可能)(常温保存商品)
both,B0B9GB49NP,五木食品,五木食品,【セット商品】五木食品 ミニカップ生タイプ即席めん全3種コンプリート×各4個 食べ比べセット(松茸風味110g/柚子風味109g/にゅうめん90g 計12個)
both,B0DF7MWTLS,五木食品,五木食品,五木食品 鶏だし醤油ラーメン 82g×10個
both,B0GMFH45Y8,五木食品,五木食品,五木食品 おいしい冷し中華 2種×各5個(レモン風味/ごまだれ）（セット商品）（常温保存）
both,B08PKVMHQX,五木食品,五木食品,五木食品 アベックラーメン食べ比べ 2種 6食セット(セット商品)
both,B0B9WPHPSV,五木食品,五木食品,五木食品 五木庵だんご汁 192g×10個 (電子レンジ調理可能)(常温保存商品)
both,B09WMMPXS6,五木食品,五木食品,五木食品 鍋焼えび天うどん 220g×9個(常温保存商品)(生タイプ即席麵)
both,B0B9GCN6V3,五木食品,五木食品,五木食品 くまモンパッケージ1食生タイプうどん・スパゲティ2種×各5個(スープ付うどん/ナポリ風スパゲティ 各5個 計10個)(電子レンジ調理)
both,B0869VVS2M,五木食品,五木食品,五木食品 えび味噌ラーメン 120g ×10個
both,B0DF7NJ8TC,五木食品,五木食品,五木食品 ゆず塩ラーメン 80g×10個
both,B08PKVDVSZ,五木食品,五木食品,【セット商品】五木食品 もっこす&アベックラーメン食べ比べ 2種 6食セット
both,B0FJRRSH8Y,五木食品,五木食品,五木食品 タカモリ お蕎麦屋さんのまかない肉だしうどん 210g×10個 (常温保存商品)(生タイプ即席麵)
both,B0F2DNKKQG,五木食品,五木食品,五木食品 ざるラーメン超レモン 266g 6個（乾麺）(常温保存)
both,B0842WK8DN,五木食品,五木食品,五木食品 ざるラーメン和風しょうゆ 280g ×6個(常温保存商品)
both,B0G2RYV6G2,五木食品,五木食品,五木食品 タカモリデミグラスナポリタン180ｇ
both,B006ZSKYXY,五木食品,五木食品,五木食品 業務用中華麺 500g
both,B08YFDCTWB,五木食品,五木食品,五木食品 タカモリスパゲティ全4種×各3個食べ比べセット(濃厚ナポリタン/和風たらこ/デミグラス/和風バター 計12個)(セット商品)(電子レンジ調理可能)
both,B0BTYB4FWL,五木食品,五木食品,五木食品 彩菜そうめん 320g×5個
both,B0FJRNS931,五木食品,五木食品,五木食品 こく味噌ラーメン 87g×10個
both,B0CDLKCHTR,五木食品,五木食品,五木食品 タカモリ あごだしうどん 158g ×10個 (常温保存商品)(生タイプ即席麵)
both,B0842WKB3Q,五木食品,五木食品,五木食品 ざるラーメン辛みそ 266g×6個(常温保存商品)
both,B09WJ1CZWY,五木食品,五木食品,五木食品 えび味噌ラーメン 120g×5個
both,B0GSV4CBLV,五木食品,五木食品,五木食品 鍋焼うどん4種食べ比べセット(えび天/きつね/カレー/すき焼風 各種3個 計12個)(セット商品)(常温保存商品)
both,B08PKSDW41,五木食品,五木食品,【セット商品】五木食品 もっこす&赤辛 2種 6食セット
both,B0GLNBGLWN,五木食品,五木食品,五木食品 半生ざるそば 210g(2食入)×4個 (常温保存)
both,B0B9GC8DTN,五木食品,五木食品,五木食品 2食生タイプめん5種×各2個セット(ナポリタン/焼そば/チャンポン/焼うどんしょうゆ/焼うどんソース 各2個 計10個)(常温保存商品)
both,B0DF7P45TL,五木食品,五木食品,五木食品 ちゃちゃっとちゃんぽん 184g×10個
both,B007JQBD2C,五木食品,五木食品,五木食品 アベックラーメン 175g×10個
both,B09WHXV2H5,五木食品,五木食品,五木食品 アベックラーメン 175g×5個
both,B0CDLKFGZP,五木食品,五木食品,五木食品 五木庵カレーうどん 225g×20個(常温保存商品)(まとめ買い)
both,B0FJRN3FDV,五木食品,五木食品,五木食品 たんぱく質がとれる山芋入りそば 180g×5個
both,B0GMFG7Q3T,五木食品,五木食品,五木食品 半生シリーズパーフェクトセット（冷やし中華/ごまだれ/ざるそば/麻辣）4種×各2個（セット商品）（常温保存）
both,B0FJRQ5F92,五木食品,五木食品,五木食品 博多うどん 400g×5個
both,B084MYZWXJ,五木食品,五木食品,五木食品 2コ生タイプめん 3種×各3個セット (ナポリタン/焼そば/ちゃんぽん 計9個)(セット商品)(常温保存商品)
both,B0CX8P6SR9,五木食品,五木食品,五木食品 濃厚とまとラーメン 120g×5袋
both,B0B9WWBMNN,五木食品,五木食品,五木食品 山芋入り更科八割そば 240g×5個
both,B0GXYNFF5C,五木食品,五木食品,五木食品 鍋焼きつねうどん 215g×9個 （常温保存商品）（200V IH対応）
both,B0GMF95DL8,五木食品,五木食品,五木食品 ざるラーメン食べ比べアソートセット(5種×各2個 計10個)(和風しょうゆ/ごまだれ/辛みそ/超レモン/超梅)(常温保存)(つゆ付乾麺)
both,B08D9T7WC7,五木食品,五木食品,五木食品 棒状鍋用ラーメン 195g ×10個
both,B0BTYC2HG2,五木食品,五木食品,五木食品 山芋入りそば 320g×5個
both,B0GYCL6FY4,五木食品,五木食品,五木食品 タカモリ３食ナポリタン474ｇ (× 2)
both,B0CY2139R6,五木食品,五木食品,五木食品 タカモリあごだしうどん/お蕎麦屋さんのカレーうどん/阿蘇のだんご汁(3種×各4個)(セット商品)(常温保存)
both,B0B9WV5YN7,五木食品,五木食品,五木食品 2コ焼うどん ソース味 406g×6個(常温保存商品)(生タイプ即席麵)
both,B07X1S4RMX,五木食品,五木食品,五木食品 3食入スープ付うどん 564g ×12個(電子レンジ調理可能)(常温保存商品)
both,B079S5HY8Q,五木食品,五木食品,五木食品 熊本もっこすラーメン 123g×3袋
both,B09CP5Y7GS,五木食品,五木食品,五木食品 生めん1食タイプ3種×各4個セット(五木庵カレーうどん/チャンポン/だんご汁 計12個)(セット商品)(電子レンジ調理可能)
both,B0CDLGXGZD,五木食品,五木食品,五木食品 タカモリ 阿蘇のだんご汁みそ味 178g× 10個 (常温保存商品)(生タイプ即席麵)
both,B0B2W5QH2S,五木食品,五木食品,五木食品 くまモンの熊本ラーメン 176g ×20袋
both,B0GLNHMCZC,五木食品,五木食品,五木食品 半生麻辣冷し中華 252g(2食入)×4個 (常温保存)
both,B09WJ3QL6J,五木食品,五木食品,五木食品 火の国熊本黒 244g×5個
both,B09332NBK6,五木食品,五木食品,五木食品 そば&ちゃんぽん&パスタ 各3個セット(五木庵そば/五木庵チャンポン/濃厚ナポリタン/和風たらこ 計12個)(セット商品)(電子レンジ調理可能)
both,B0B9GDGYGH,五木食品,五木食品,【セット商品】五木食品 中華麺シリーズ2種(乾麺)×各5個 食べ比べセット(中華細麺280g/中華めん250g 各5個 計10個)
both,B0H35XWQJH,五木食品,五木食品,タカモリ あごだしうどん 158g 10個 (常温保存商品)(生タイプ即席麵)
both,B0FJRMV4CS,五木食品,五木食品,五木食品 小倉風焼うどん 422g×6個 (常温保存商品)(生タイプ即席麵)
both,B09WJ15D19,五木食品,五木食品,五木食品 熊本もっこすラーメン 123g×5個
both,B0GLNLRXNJ,五木食品,五木食品,五木食品 おいしいざる茶そば 160g×10個 （常温保存）
both,B01NAJWONN,五木食品,五木食品,五木食品 鍋焼すき焼風うどん 235g×18個入
both,B0CDLH1F4Q,五木食品,五木食品,五木食品 タカモリ 和風たらこスパゲティ 156g ×10個 (電子レンジ調理可能)(生タイプ即席麵)
both,B0FJRHDYF8,五木食品,五木食品,五木食品 ３食入カレーナポリタン 477g×6個 (常温保存商品)(生タイプ即席麵)
both,B07WZNGNFD,五木食品,五木食品,五木食品 濃厚とまとラーメン 120g ×20個
both,B093323QN8,五木食品,五木食品,五木食品 タカモリパスタ 濃厚ナポリタン&和風たらこ 各6個セット(計12個)(セット商品)(電子レンジ調理可能)
both,B07X5X2244,五木食品,五木食品,五木食品 えび味噌ラーメン 120g ×20個
both,B09334R74V,五木食品,五木食品,五木食品 タカモリパスタ 濃厚ナポリタン&和風バターしょうゆ 各6個セット(計12個)(セット商品)(電子レンジ調理可能)
both,B00L4RUNHS,五木食品,五木食品,五木食品 ちっこいうどん柚子風味 109g×6食(常温保存商品)(生タイプ即席麵)
both,B0F2F2N4JQ,五木食品,五木食品,五木食品 レンジでもちもち釜玉うどん あごだし醤油 220g 10個 (電子レンジ調理可能) (常温保存商品)
both,B0GLNWS3SB,五木食品,五木食品,五木食品 おいしい冷し中華ごまだれ 216g×10個 （常温保存）
both,B005I0DLLM,五木食品,五木食品,五木食品 鴨だしそば 228g×12／箱〔ケース〕
both,B0842W541C,五木食品,五木食品,五木食品 ざるラーメンゴマだれ 264g×6個(常温保存商品)
both,B0CDLJ4R3N,五木食品,五木食品,五木食品 中華細麺 280g× 20個 (常温保存商品) (まとめ買い)
both,B0GLNHCL9J,五木食品,五木食品,五木食品 おいしいざるそば 180g×10個 （常温保存）
both,B09334K3GR,五木食品,五木食品,五木食品 タカモリパスタ 濃厚ナポリタン&濃厚デミグラス 各6個セット(計12個)(セット商品)(電子レンジ調理可能)
both,B07X6VXWL3,五木食品,五木食品,五木食品 五木庵だんご汁 192g ×20個(電子レンジ調理可能)
both,B0FK4PSQW6,五木食品,五木食品,五木食品 タカモリ1食シリーズセット(あごだしうどん/お蕎麦屋さんのカレーうどん/阿蘇のだんご汁/肉だしうどん)(4種×各3個)(常温保存)
both,B0CX1LBHKL,五木食品,五木食品,五木食品 タカモリ お蕎麦屋さんのカレーうどん 195g 10個 (電子レンジ調理可能) (常温保存商品)
both,B0B9GDDPSG,五木食品,五木食品,五木食品 茶そば 450g
both,B0F2DRDVZG,五木食品,五木食品,五木食品 レンジでもちもち汁なし担々風うどん 226g 10個 (電子レンジ調理可能) (常温保存商品)
both,B0GLNZ3P4R,五木食品,五木食品,五木食品 ざるラーメン超梅 268g(2食入)×6個 （常温保存商品）
both,B0BTYCBJP4,五木食品,五木食品,五木食品 田舎そば 200g×5個
both,B005I0DKYU,五木食品,,五木食品 熊本赤辛ラーメン 114g×20袋
both,B00L4RUVOS,五木食品,五木食品,五木食品 五木そば 250g×5個
both,B0GLNHDHXV,五木食品,五木食品,五木食品 雪絹の糸 300g×5個 （乾そうめん）(常温保存商品)
both,B09B9LTZN9,五木食品,五木食品,五木食品 火の国熊本黒 244g×20個
both,B0BTYDFZJ1,五木食品,五木食品,五木食品 藪そば 180g×10個
both,B0H65W8YR9,五木食品,五木食品,五木食品 鍋焼きつねうどん 215g×6個
both,B0BTYD7886,五木食品,五木食品,五木食品 田舎うどん 200g×5個
both,B01268WDYE,五木食品,五木食品,五木 鍋焼えび天うどん 220g×6個
both,B0CX88NPNP,五木食品,五木食品,五木食品 濃厚とまとラーメン 120g×3袋
both,B0DGPN4Q9X,五木食品,五木食品,五木食品 1食棒状ラーメン ゆず塩＆鶏だし醤油セット(2種×各5個 計10個)(ゆず塩/鶏だし醤油)(常温保存)(即席袋麺)
both,B09WMP5KDJ,五木食品,五木食品,五木食品 3食入焼そば 510g×12個
both,B08KWBBP8D,五木食品,五木食品,五木食品 熊本赤辛ラーメン 120g ×3個
both,B0BTYC792W,五木食品,五木食品,五木食品 無塩づくり山芋入りそば 320g×5個
both,B01NAFZ8HF,五木食品,五木食品,くまモンの熊本ラーメン（２食） 25-0558-131
both,B004TW20L2,五木食品,五木食品,五木食品 スープ付うどん 生タイプ 210g×30個入
both,B00L4RUVPM,五木食品,五木食品,五木食品 茶そば 180g×4個
both,B09WMP14H5,五木食品,五木食品,五木食品 五木庵チャンポン 170g×5個
both,B08YD4TLG9,五木食品,五木食品,五木食品 業務用 中華麺 500g×20個入
both,B07XPZY91Z,五木食品,五木食品,五木食品 彩菜そうめん 320g ×20個
both,B0H28VB7N8,五木食品,五木食品,五木食品 ざるラーメン 超レモン 2人前×12袋
both,B01268WXTO,五木食品,五木食品,五木食品 鍋焼カレーうどん 220g×6個
both,B006ZSKVM8,五木食品,五木食品,五木食品 業務用田舎うどん 500g
both,B07KK8NX2F,五木食品,,五木食品 くまモンの熊本ラーメン 176g×4個
both,B09FHZF5LD,五木食品,五木食品,【セット商品】五木食品　熊本もっこす＆えび味噌ラーメンセット
both,B0H2C6LYWM,五木食品,五木食品,五木食品 ゆず塩ラーメン 1人前×3袋
both,B0CX8KBBCC,五木食品,五木食品,五木食品 中華細麺 280g×2袋
both,B07X6VPTRP,五木食品,五木食品,五木食品 熟成素麺 540g ×15個
both,B00X36I7JY,五木食品,五木食品,五木食品 ざるラーメン 和風しょうゆ 280g×4袋
both,B09MZ5Z52T,五木食品,五木食品,五木食品 ナポリ風スパゲティ 200g×30個(電子レンジ調理可能)(常温保存商品)
both,B0CX8KDZJ7,五木食品,五木食品,五木食品 中華細麺 280g×3袋
both,B07X1S5JPL,五木食品,五木食品,五木食品 田舎うどん 200g ×20個
both,B07X6V2KZT,五木食品,五木食品,五木食品 熊本赤辛ラーメン 120g ×20個
both,B0GLNQ63F4,五木食品,五木食品,五木食品 タカモリ 香るトマト&ガーリックナポリタン 174g×10個 (電子レンジ調理可能)(生タイプ即席麵)(常温保存)
both,B00R11T6K6,五木食品,五木食品,五木食品 熊本もっこすラーメン 123g×20個入×(2ケース)
both,B00KFVORKS,五木食品,五木食品,五木食品 アベックラーメン 175g×20個入
both,B0BTYCR1TL,五木食品,五木食品,五木食品 半生冷し中華 252g×4個(常温保存商品)
both,B0GMFQJ2SN,五木食品,五木食品,五木食品 タカモリ1食ナポリタン食ベ比ベセット(3種 計12個)(濃厚ナポリタン/デミグラス/トマト&ガーリック)(常温保存)(電子レンジ調理)
both,B004ST6S28,五木食品,五木食品,五木食品 ナポリ風スパゲティ 200g×30袋入
both,B0H28VX637,五木食品,五木食品,五木食品 ちゃちゃっとちゃんぽん 184g×20個入
both,B00OH55G3A,五木食品,,五木食品 3食入ナポリタン 477g×12入
both,B08KW841CF,五木食品,五木食品,五木食品 えび味噌ラーメン 120g ×3個
both,B0GMF644H6,五木食品,五木食品,五木食品 タカモリ1食スパゲティ食ベ比ベセット(4種×各2個 計8個)(濃厚ナポリタン/和風たらこ/和風ペペロン/アラビアータ)(電子レンジ調理)
both,B0H2CK1QB4,五木食品,五木食品,五木食品 鶏だし醤油ラーメン 1人前×10袋
both,B0H28WGDZZ,五木食品,五木食品,五木食品 ざるラーメン 超梅 2人前×3袋
both,B00600GUIU,五木食品,,五木食品 鍋焼カレーうどん 220g×18個
both,B08962G6CB,五木食品,五木食品,【乾麺グランプリ2026 そば部門１位】五木食品 濃厚とまとラーメン 1人前×10袋
both,B0CX8PN98P,五木食品,五木食品,五木食品 中華細麺 280g×10袋
both,B07XKZ9KD3,五木食品,五木食品,五木食品 早煮えうどん 360g ×20個
both,B07NS4GSKN,五木食品,五木食品,五木食品 熊本もっこすラーメン 123g×20個入
both,B0F2F5GG6Z,五木食品,五木食品,タカモリ 旨辛アラビアータスパゲティ 185g 10個 (電子レンジ調理可能)(生タイプ即席麵)
both,B0H28NBWNC,五木食品,五木食品,五木食品 ざるラーメン 超レモン 2人前×3袋
both,B07XD135XZ,五木食品,五木食品,五木食品 えび味噌ラーメン 120g×20袋入 〔1袋／1人前〕
both,B09WMNQX6S,五木食品,五木食品,五木食品 鍋焼きつねうどん 210g×9個(常温保存商品)(生タイプ即席麵)
both,B0H299PXJK,五木食品,五木食品,五木食品 ちゃちゃっとちゃんぽん 2人前×3袋
both,B07T4NBZTL,五木食品,,【3袋セット】 五木食品 おいしい冷し中華 ごまだれ 220g × 3袋
both,B0H28Q1HMR,五木食品,五木食品,五木食品 ゆず塩ラーメン 80g×20個入
both,B07YSBSLP8,五木食品,五木食品,五木食品 山芋入りそば 320g
both,B07SHD9DSR,五木食品,五木食品,五木食品 ざるラーメン 辛みそ 266g×12個入
both,B0CX8S2PBS,五木食品,五木食品,五木食品 濃厚とまとラーメン 120g×4袋
both,B07X9W1JBG,五木食品,五木食品,五木食品 濃厚とまと ラーメン 120g×20個入
both,B08WSNP87T,五木食品,五木食品,五木食品 山芋入り 更科 八割そば 240g ×20個
both,B0CL9BSKCP,五木食品,五木,五木食品 そば粉 600g×10袋
both,B087WRCQ3B,五木食品,五木食品株式会社,五木食品 おいしいざるそば 2人前 180g 麺つゆ付 3個セット
both,B00X36I9WY,五木食品,五木食品,五木食品 ざるラーメン ゴマだれ 264g×4袋
both,B0CL99THD5,五木食品,五木,五木食品 そば粉 600g×5袋
both,B01268WY2A,五木食品,五木食品,五木食品 鍋焼味噌煮込みうどん 249g×6個
both,B0758CKWZ9,五木食品,五木食品,五木食品 中華細麺 280g
both,B00NUZQHUE,五木食品,,３食ナポリタン
both,B07QRYL7T9,五木食品,五木食品,五木食品 アベックラーメン 175g×20個入×(2ケース)
both,B085P2ZZXS,五木食品,五木食品,五木食品 ざるラーメン和風しょうゆ 280g
both,B09CP5H4NJ,五木食品,五木食品,五木食品 鍋焼うどん4種×各3個食べ比べセット(えび天/きつね/カレー/すき焼風 各種3個 計12個)(セット商品)(常温保存商品)
both,B07XJV1D5Q,五木食品,五木食品,五木食品 山芋入りそば 320g ×20個
both,B085P2YTDC,五木食品,五木食品,五木食品 3食入スープ付うどん 564g
both,B0DGPPPVR9,五木食品,五木食品,五木食品 1食棒状ラーメン食べ比べアソートセット(5種×各2個 計10個)(もっこす/赤辛/濃厚とまと/えび味噌/かに味噌)(常温保存)(即席袋麺)
both,B006GKAL48,五木食品,五木食品,山芋入り五木そば 320g
both,B07S2Z7RLZ,五木食品,五木食品,五木食品 おいしい冷し中華レモン風味 222g ×10個(常温保存商品)
both,B08T9MTQKZ,五木食品,五木食品,五木食品 鍋焼きつねうどん 210g 18個 (アルミ鍋うどん)(常温保存商品)
both,B08NPTRGMT,五木食品,五木食品,五木食品 五木庵カレーうどん 生タイプ 225g×20個入
both,B00OCF8UQA,五木食品,五木食品,五木食品 五木庵チャンポン 170g×20入
both,B00OCEYPHE,五木食品,五木食品,五木食品 ちっこいにゅうめん 醤油仕立て 90g×12個入
both,B0CX8Q43HQ,五木食品,五木食品,五木食品 中華細麺 280g×20個入
both,B0DF7MKQ4H,五木食品,五木食品,五木食品 かに味噌ラーメン 114g×10個
both,B07S1N716C,五木食品,五木食品,五木食品 おいしいざる茶そば 160g×10個
both,B00OCDX0W6,五木食品,,五木食品 鍋焼味噌煮込みうどん 249g×18個入
both,B0DGPFB56P,五木食品,五木食品,五木食品 タカモリ1食スパゲティ食べ比べセット(4種×各3個 計12個)(濃厚ナポリタン/和風たらこ/和風ペペロン/バジル)(電子レンジ調理)
both,B0772QF98N,五木食品,五木食品,五木食品 五木庵 天ぷらうどん 214g×30個入
both,B0CDLJX3YW,五木食品,五木食品,五木食品 鶏白湯ラーメン 124g ×10個 (インスタント袋麺)(常温保存商品)
both,B0CY3HHKWD,五木食品,五木食品,五木食品 1食生タイプ即席めん5種×各3個食べ比べセット(カレーうどん/チャンポン/そば/だんご汁/スンドゥブチゲ風うどん 計15個)(常温保存)(電子レンジ調理可能)
both,B08Z8KBYQG,五木食品,五木食品,五木食品 中華めん 250g
both,B08BHSQ2D2,五木食品,五木食品,五木食品 彩菜ひやむぎ 320g×20袋入
both,B09V4TFLNS,五木食品,五木食品,五木食品 おいしい冷し中華(つゆ付乾めん)2種×各5個セット(セット商品)(常温保存商品)
both,B0CX8FNCNB,五木食品,五木食品,五木食品 濃厚とまと ラーメン 120g×20個入×(2ケース)
both,B0CDLHTL36,五木食品,五木食品,五木食品 五木庵スンドゥブチゲ風うどん 244g ×10個 (電子レンジ調理可能)(生タイプ即席麵)
both,B08YDDC899,五木食品,五木食品,五木食品 業務用 田舎うどん 500g×20袋入
both,B0CX1LCQ2Z,五木食品,五木食品,五木食品 バターチキンカレースパゲティ 160g 10個 (電子レンジ調理可能) (常温保存商品)
both,B00600H9F8,五木食品,,五木食品 日田風焼そば 362g×18袋入
both,B01N8VQZHA,五木食品,五木食品,五木食品 2コチャンポン 320g×18／箱〔ケース〕
both,B0BTYD2LZ9,五木食品,五木食品,五木食品 半生ざるそば 210g×4個(常温保存商品)
both,B0F6C7XZMZ,五木食品,五木食品,五木食品 ざるラーメン食べ比べアソートセット(5種×各2個 計10個)(和風しょうゆ/ごまだれ/辛みそ/超レモン/超ホット)(セット商品)
both,B074766ZDS,五木食品,五木食品,五木食品 鍋焼カレーうどん 220g×18個入
both,B00D1S9M02,五木食品,五木食品,五木食品 ちっこいうどん 柚子風味 109g×12個入
both,B0F2DY8L6T,五木食品,五木食品,五木食品 ちょい彩りめん 120g 10個 (乾麺) (使い切り)
both,B07T4HDMWL,五木食品,,【3袋セット】 五木食品 おいしい冷し中華 レモン風味 222g × 3袋
both,B01268WF10,五木食品,五木食品,五木食品 鍋焼チャンポン 170g×6個
both,B0G2S17BW1,五木食品,五木食品,五木食品 タカモリ３食ナポリタン474ｇ×12個
both,B0F2DYZKCH,五木食品,五木食品,五木食品 レンジでもちもち釜玉うどんあごだし醤油 220g 10個 (電子レンジ調理可能) (常温保存商品)
both,B084XLNFD5,五木食品,五木食品,五木食品 ざるラーメン梅かつお 264g
both,B084XKLHW4,五木食品,五木食品,五木食品 ざるラーメン辛みそ 266g
both,B0FK9F89PG,五木食品,,五木食品 スープ付うどん 210g×6袋(電子レンジ調理可能)(常温保存商品)
both,B084XLJTK5,五木食品,五木食品,五木食品 トムヤムクンラーメン 107g
both,B0FKB1LFG4,五木食品,,五木食品 火の国熊本とんこつラーメン 250g×10個
both,B0CGQLB3P5,五木食品,,五木食品 ざるラーメンゴマだれ 264g ×12個
both,B0BKL9SV2Y,五木食品,,五木食品 ざるラーメン辛みそ 266g ×12個
both,B0G2RXK5SK,五木食品,五木食品,五木食品 タカモリデミグラスナポリタン180ｇ×20個
both,B0CGQRTWY8,五木食品,,五木食品 中華麺シリーズ 棒状鍋用ラーメン 中華中太麵 中華細麺 彩菜中華細麺 中華めん
both,B0FK9GY4S4,五木食品,,五木食品 ナポリ風スパゲティ 200g×6袋(電子レンジ調理可能)(常温保存商品)
both,B085P2ZCQ2,五木食品,五木食品,五木食品 贅沢鍋焼 焼あごだしうどん 269g
both,B0D2PNDYFV,五木食品,,五木食品 スパゲティ うどん 電子レンジ調理可能 常温保存商品
both,B0CDWP6ZYM,五木食品,五木食品,五木食品 1食棒状即席めん 濃厚系フレーバー食べ比べセット(5種×各2個 計10個)(熊本もっこす/えび味噌/濃厚とまと/スタミナにんにく/鶏白湯)(セット商品)(常温保存)
both,B0CD2F4P3B,五木食品,,五木食品 五木庵 10個(電子レンジ調理可能)(常温保存商品)
both,B0CD2KQNJH,五木食品,,五木食品 ざるラーメン 6個(常温保存商品)
both,B0DTTL1356,五木食品,,五木食品
both,B0C9TLV9ZX,五木食品,,1食LL袋麺(五木庵&タカモリ)
both,B0CGQL7J75,五木食品,,中華細麺 280g
both,B0CGLW1X2G,五木食品,,1食LL袋麺(五木庵&タカモリ)
both,B0D2PLX3KT,五木食品,,1食LL袋麺(五木庵&タカモリ)
both,B0D2XJ4C3V,五木食品,,涼味系即席麺(つゆ付乾麺/半生)
both,B0C1BXYHVZ,五木食品,,1食LL袋麺(五木庵&タカモリ)
both,B01G11SBWU,五木食品,五木食品,五木食品 無塩づくり山芋入りそば 320g
both,B0BY812LTD,五木食品,,涼味系即席麺(つゆ付乾麺/半生)
both,B0D2XHGGDL,五木食品,,棒状ラーメン(通年)
both,B0CGLV2GZL,五木食品,,鍋焼シリーズ(年間)
both,B0D2PM8J57,五木食品,,乾めん類
both,B07B3M588K,五木食品,五木食品,五木食品 中華めん 250g×20袋入
both,B07SKFBMKP,五木食品,五木食品,五木食品 ざるラーメン 和風しょうゆ 280g×12個入
both,B00TRUNC68,五木食品,,五木食品 くまモンの熊本ラーメン 176g
both,B0074Z547S,五木食品,五木食品,五木食品 火の国熊本とんこつラーメン250g〔2人前〕×20／箱〔ケース〕
both,B0H28JRSYR,五木食品,五木食品,五木食品 ざるラーメン 超レモン 2人前×6袋
both,B004ABRALM,五木食品,五木食品,五木食品 ちっこいうどん松茸風味 110g×12個入
both,B00600HDTU,五木食品,五木食品,五木食品 アベックラ-メン とんこつ味 180g×20個入
both,B085P2YG69,五木食品,五木食品,五木食品 2コ焼うどんしょうゆ味 396g
both,B0B9GCXN78,五木食品,五木食品,五木食品 鍋焼えび風味あげ玉入うどん 213g×9個(常温保存商品)(生タイプ即席麵)
both,B072JXPYGJ,五木食品,五木食品,五木食品 鴨だしそば ２２８ｇ
both,B07S565MCM,五木食品,五木食品,五木食品 ざるラーメン和風しょうゆ 280g×12個
both,B01N9013DB,五木食品,五木食品,五木食品 無塩づくり山芋入りそば 320g×20袋入
both,B0829GXB2G,五木食品,五木食品,五木食品 スープ付うどん 生タイプ 210g×30個入×(2ケース)
both,B07S4XLV4Y,五木食品,五木食品,五木食品 おいしいざるそば 180g×10個
both,B0B2ZPGJYF,五木食品,五木食品,五木食品 彩菜そうめん 320g×20個入
both,B0F2DL537Y,五木食品,五木食品,五木食品 ちょい茶そば 120g 10個 (乾麺) (使い切り)
both,B07S1N6XM4,五木食品,五木食品,五木食品 おいしい冷し中華ごまだれ 220g ×10個(常温保存商品)
both,B0H28WDP9V,五木食品,五木食品,五木食品 こく味噌ラーメン 1人前×3袋
both,B0H28KVP3R,五木食品,五木食品,五木食品 鶏だし醤油ラーメン 1人前×3袋
both,B0H28KN1D5,五木食品,五木食品,五木食品 熊本赤辛ラーメン 1人前×3袋
both,B08N6FKDXH,五木食品,五木食品,五木食品 五木庵 カレーうどん 220g 40個 (20個×2箱)
both,B09CP5R7R5,五木食品,五木食品,五木食品 乾そば2種×各4個セット(鴨だしそば/山芋入り更科八割 計8個)(セット商品)
both,B09B9SDT7H,五木食品,五木食品,五木食品 鍋焼とろろ昆布うどん 210g×18個
both,B0H1SW941F,五木食品,五木食品,五木食品 半生冷し中華ごまだれ 246g(2食入)×4個 (常温保存) (× 2)
both,B0772RFVCX,五木食品,,五木食品 五木庵 天ぷらそば 165g×30個入
both,B00318CB64,五木食品,五木食品,鍋焼 えび天うどん 220g×18個
both,B0FK9N11VC,五木食品,,五木食品 熊本もっこすラーメン 123g×10個
both,B093NT956W,五木食品,五木食品,五木食品 3食濃厚ナポリタン 483g×12袋入
both,B07SJB3ZX2,五木食品,,五木食品 鍋焼ちゃんぽん 角鍋 170g×18個入
both,B0B2455KF7,五木食品,五木食品,五木食品 五木庵カレーうどん 生タイプ 225g×20個入×(2ケース)
both,B01N2URTPH,五木食品,,五木食品 熊本赤辛ラーメン 114g×20個入×(2ケース)
both,B07FVD8PX6,五木食品,五木食品,五木食品 贅沢鍋焼 焼あごだしうどん 269g
both,B071R3RBN6,五木食品,五木食品,五木食品 茶そば 180g
both,B0074YXNQ8,五木食品,五木食品,五木食品 茶そば 180g×20入
both,B0FSJT8R3X,五木食品,五木,五木 彩菜ひやむぎ 320g
both,B081G5HQ8C,五木食品,,五木食品 棒状鍋用ラーメン 195g×20個入
both,B01N52N7B6,五木食品,,五木食品 2コナポリタン 318g×18入
both,B079SBX1DH,五木食品,五木食品,五木食品 中華めん 250g×3袋
both,B07S43WB6N,五木食品,五木食品,五木食品 ざるラーメン辛みそ 266g×12個
both,B07S1W9P2P,五木食品,五木食品,五木食品 ざるラーメンゴマだれ 264g ×12個
both,B00OH4IZD4,五木食品,,五木食品 3食焼そば 510g×12入
both,B0CL9BVVM4,五木食品,,五木食品 そば粉 600g×3袋
both,B07S2R7PNF,五木食品,五木食品,五木食品 半生ざるそば 210g ×12個(常温保存商品)(まとめ買い)
both,B0H2CDC526,五木食品,五木食品,五木食品 ちゃちゃっとちゃんぽん 2人前×10袋
both,B0H28W25RR,五木食品,五木食品,五木食品 こく味噌ラーメン 1人前×20袋
both,B0H28QJGNY,五木食品,五木食品,五木食品 こく味噌ラーメン 1人前×10袋
both,B0H28NR34M,五木食品,五木食品,五木食品 ゆず塩ラーメン 1人前×10袋
both,B06Y51JWR6,五木食品,五木食品,五木食品 中華めん 250g×5個
both,B01G11S0V2,五木食品,五木食品,五木食品 おいしい冷し中華 レモン風味 222g
both,B085P2TS7K,五木食品,五木食品,五木食品 ざるラーメンゴマだれ 264g
both,B09WMPPX6Q,五木食品,五木食品,五木食品 中華細麺 280g×10個
both,B0DGPKF9RT,五木食品,五木食品,五木食品 鍋焼うどん2種セット(2種×各6個 計12個)(わかめごま/ねぎ塩)(常温保存)(即席袋麺)
both,B0DGPR52V9,五木食品,五木食品,五木食品 アルミタイプ鍋焼うどん 2種セット(焼あごだしうどん 3個､ごま豆乳坦坦うどん3個 計6個) (セット商品)(常温保存)(即席袋麺)
both,B079S5J2JX,五木食品,五木食品,五木食品 熊本赤辛ラーメン 114g×3袋
both,B00K73AEVA,五木食品,五木食品,五木食品 ざるラーメン和風しょうゆ 280g(2人前)
both,B08XWTLTM8,五木食品,五木食品,五木食品 五木庵だんご汁 192g×20個入
both,B093PGHSX1,五木食品,五木食品,五木食品 田舎うどん 200g×20袋入×(2ケース)
both,B0BV1X2W97,五木食品,五木食品,五木食品 ざるラーメン食べ比べアソートセット(4種×各2個 計8個)食べ比べセット(和風しょうゆ/ごまだれ/辛みそ/えび塩)(セット商品)(常温保存商品)
both,B0BV1WGTF5,五木食品,五木食品,五木食品 生タイプ即席麺アソートセット(3種×各2個 計6個、スープ付うどん・焼そば・塩焼そば) [常温保存]
both,B0BTYD9RKS,五木食品,五木食品,五木食品 辛麺 124g×10個
both,B0BV1W3MD7,五木食品,五木食品,五木食品 1食棒状ラーメン食べ比べアソートセット(5種×各2個 計10個)(熊本もっこす/熊本赤辛/濃厚とまと/えび味噌/辛麺)(セット商品)
both,B0BTY9QC1B,五木食品,五木食品,五木食品 彩菜中華細麺 320g×5個
both,B085P2Z1Q5,五木食品,五木食品,五木食品 中華めん 250g
both,B0BV1VXGXR,五木食品,五木食品,五木食品 1食辛味系棒状ラーメン食べ比べセット(2種×各5個 計10個)(熊本赤辛/辛麺)(セット商品)
both,B0BTYCFYMP,五木食品,五木食品,五木食品 3食入塩焼そば 477g×6個(常温保存商品)(生タイプ即席麵)
both,B0BTYC1H76,五木食品,五木食品,五木食品 ざるラーメン えび塩 254g×6個(常温保存商品)
both,B0BTYB781F,五木食品,五木食品,五木食品 半生冷し中華ごまだれ 250g×4個(常温保存商品)
both,B0H28S55W8,五木食品,五木食品,五木食品 ざるラーメン 超梅 2人前×12袋
both,B0CY2BSZRD,五木食品,五木食品,五木食品 鴨だしそば/旨辛肉だしそば(2種×各3個)(セット商品)(つゆ付乾麺)
both,B0CX1L29D8,五木食品,五木食品,五木食品 旨辛肉だしそば 230g 6個 (つゆ付乾麺) (2食入)
both,B0CY28RZDX,五木食品,五木食品,五木食品 半生シリーズパーフェクトセット(冷やし中華/ごまだれ/ざるそば/冷し麺ゆずしょうが/冷し麺花椒)5種×各2個(セット商品)(常温保存)
both,B0DF7MKZXX,五木食品,五木食品,五木食品 贅沢鍋焼ごま豆乳担担うどん 243g×4個
both,B0CX1L594T,五木食品,五木食品,五木食品 半生香る冷し麺 ゆずしょうが 248g 4個 (常温保存) (2食)
both,B0CX1KZ75M,五木食品,五木食品,五木食品 半生香る冷し麺 花椒風味 254g 4個 (常温保存) (2食)
both,B0CX1K7VC6,五木食品,五木食品,五木食品 ちょいそうめん 120g 10個 (乾麺) (使い切り)
both,B0F2DX2KH2,五木食品,五木食品,五木食品 ざるラーメン超ホット 260g 6個（乾麺）(常温保存)
both,B085P2XJQF,五木食品,五木食品,五木食品 半生冷し中華 252g
both,B093PFY36N,五木食品,五木食品,五木食品 日田風焼そば 362g×18袋入
both,B0CDLHWG74,五木食品,五木食品,五木食品 スタミナにんにくラーメン 120g ×10個 (インスタント袋麺)(常温保存商品)
both,B0BTYBM3M7,五木食品,五木食品,五木食品 レッドチリスパゲティ 159g×5個 (電子レンジ調理可能)(常温保存商品)
both,B0C7C64DVL,五木食品,五木食品,五木食品 中華中太麵 240g(3人前)×5袋
both,B0D2PNNRQG,五木食品,,五木食品 山芋入り 更科 八割そば 240g ×20個
both,B0D2PMF68V,五木食品,,五木食品 田舎うどん 200g ×20個
both,B0D2PJTN1L,五木食品,,五木食品 火の国熊本とんこつラーメン 250g×10個
both,B0D2F11B6V,五木食品,,五木食品 スープ付うどん 210g×6袋(電子レンジ調理可能)(常温保存商品)
both,B0D2DYK1NB,五木食品,,五木食品 ナポリ風スパゲティ 200g×6袋(電子レンジ調理可能)(常温保存商品)
both,B0D2DTKNSK,五木食品,,五木食品 火の国熊本とんこつラーメン 250g×10個
both,B0CHJMZ7W2,五木食品,,五木食品 NOODLE
both,B0CHJLVT58,五木食品,,五木食品 NOODLE
both,B0CGZZ3ZFV,五木食品,,五木食品 NOODLE
both,B0CGZYY77Y,五木食品,,五木食品 NOODLE
both,B0CGZYR2LL,五木食品,,五木食品 NOODLE
both,B0CGZY97WF,五木食品,,五木食品 NOODLE
both,B0CGZY54KK,五木食品,,五木食品 NOODLE
both,B0CGZY41D6,五木食品,,五木食品 NOODLE
both,B0CGZXXRCJ,五木食品,,五木食品 NOODLE
both,B0CGZXLM7Q,五木食品,,五木食品 NOODLE
both,B0CGZWPSY2,五木食品,,五木食品 PACKAGED_SOUP_AND_STEW
both,B0CGLWK78T,五木食品,,五木食品 もやしで作る醤油まぜそば 264g×10個
both,B0CGLW85TS,五木食品,,五木食品 山芋入り 更科 八割そば 240g ×20個
both,B0CGLW85TR,五木食品,,五木食品 茶そば 180g×4個
both,B0CGLTLWX6,五木食品,,五木食品 田舎うどん 200g ×20個
both,B0CGLTGYGS,五木食品,,五木食品 濃厚とまとラーメン 120g ×20個
both,B0CGLSXB6S,五木食品,,五木食品 業務用中華麺 500g
both,B0CGLS9QRZ,五木食品,,五木食品 くまモンの熊本ラーメン 176g×10個
both,B0CGLQWJ2M,五木食品,,五木食品 火の国熊本黒 244g×20個
both,B0CGLQTTKT,五木食品,,五木食品 熊本赤辛ラーメン 120g ×10個
both,B0CCHWG91K,五木食品,,五木食品 NOODLE
both,B0CB8PYKKN,五木食品,,五木食品 NOODLE
both,B0C9WRZ2DY,五木食品,,五木食品 NOODLE
both,B0C9WQX5YJ,五木食品,,五木食品 NOODLE
both,B0C9WQGJ7B,五木食品,,五木食品 NOODLE
both,B0C967KG5G,五木食品,,五木食品 NOODLE
both,B0C964QGKD,五木食品,,五木食品 NOODLE
both,B0C964BZ8P,五木食品,,五木食品 NOODLE
both,B0C963SJ15,五木食品,,五木食品 NOODLE
both,B0C963SHDR,五木食品,,五木食品 NOODLE
both,B0C961F2T2,五木食品,,五木食品 NOODLE
both,B0C54YX545,五木食品,,五木食品 NOODLE
both,B0C3V417PC,五木食品,,五木食品 NOODLE
both,B0C3HMV42R,五木食品,,五木食品 NOODLE
both,B0C3HLTNFZ,五木食品,,五木食品 NOODLE
both,B0C3GMGF2R,五木食品,,五木食品 NOODLE
both,B0C3GLZMNQ,五木食品,,五木食品 NOODLE
both,B0BZC4DVHC,五木食品,,五木食品 NOODLE
both,B0BYRQ5HJL,五木食品,,五木食品 NOODLE
both,B0BYRN4XQ8,五木食品,,五木食品 NOODLE
both,B0BYRLWMFL,五木食品,,五木食品 NOODLE
both,B0BY82T2VZ,五木食品,,五木食品 濃厚とまとラーメン 120g ×20個
both,B0BXM328ZT,五木食品,,五木食品 ざるラーメン和風しょうゆ 280g ×12個
both,B0BX8TZSFK,五木食品,,五木食品 濃厚とまとラーメン 120g ×20個
both,B0BWMSWF3V,五木食品,,五木食品 半生ざるそば 210g ×12個(常温保存商品)(まとめ買い)
both,B0BWKX32QN,五木食品,,五木食品 あんかけラーメン 414g ×18個
both,B0BWHP6RPG,五木食品,,五木食品 NOODLE
both,B0BWH8Z65F,五木食品,,五木食品 NOODLE
both,B0BWH6SKPD,五木食品,,五木食品 NOODLE
both,B0BWH6QDQS,五木食品,,五木食品 NOODLE
both,B0BW3H1BNZ,五木食品,,五木食品 NOODLE
both,B0BW2WDZ9T,五木食品,,五木食品 NOODLE
both,B0BSMQRP71,五木食品,,五木食品 2コ焼うどん しょうゆ味 396g×6個
both,B0BSMMGFJ6,五木食品,,五木食品 スープ付うどん 210g×6袋(電子レンジ調理可能)
both,B0BSMLBV25,五木食品,,五木食品 2コ焼うどん
both,B0BP2GVFN2,五木食品,,五木食品 茶そば 180g×4個
both,B0BNSV6523,五木食品,,五木食品 NOODLE
both,B0BN79CN65,五木食品,,五木食品 NOODLE
both,B0BN6XTMQH,五木食品,,五木食品 NOODLE
both,B0BN67X7PT,五木食品,,五木食品 NOODLE
both,B0BMSH6HNC,五木食品,,五木食品 NOODLE
both,B0BMSGFDTL,五木食品,,五木食品 NOODLE
both,B0BMQ8Y2HB,五木食品,,五木食品 NOODLE
both,B0BMLDPQ83,五木食品,,五木食品 NOODLE
both,B0BMLDL4P6,五木食品,,五木食品 NOODLE
both,B0BM3ZCBFV,五木食品,,五木食品 NOODLE
both,B0BM3M8XZJ,五木食品,,五木食品 NOODLE
both,B0BL62742M,五木食品,,五木食品 NOODLE
both,B0BKLHR5XB,五木食品,,五木食品 半生冷し中華ごまだれ 250g ×12個
both,B0BK3HJ1W7,五木食品,,五木食品 NOODLE
both,B0CL9BDDDG,五木食品,五木,五木食品 鶏白湯ラーメン 124g×20袋
both,B07WVWMWSC,五木食品,五木食品,五木食品 熊本赤辛ラーメン 120g×20個入
both,B0H2C1PB45,五木食品,五木食品,五木食品 鶏だし醤油ラーメン 82g×20個入
both,B0H28YHKLL,五木食品,五木食品,五木食品 ざるラーメン 超梅 2人前×6袋
both,B007JQBHFK,五木食品,五木食品,五木 熊本赤辛ラーメン 114g×10個
both,B0CL9CSC65,五木食品,五木,五木食品 スタミナにんにくラーメン 120g×20袋
both,B007JQC574,五木食品,五木食品,五木 田舎うどん 250g×10個
both,B09WJ2KXHY,五木食品,五木食品,五木食品 博多おっしょいラーメン 123g×5個
both,B09WHZLJC4,五木食品,五木食品,五木食品 久留米ほとめきラーメン 123g×5個
both,B07587RN1P,五木食品,五木食品,五木 アベックラーメン 175g
both,B08YKLKWRH,五木食品,五木食品,ナポリ風スパゲティ 200g
both,B0CL99941K,五木食品,五木,五木食品 そば粉 600g×2袋
both,B0764BQF5W,五木食品,五木食品,五木食品 拉麺豚骨道熊本 二人前 272g×6個
both,B0758CKX3R,五木食品,五木食品,五木食品 野菜そうめん(にんじん) 120g
both,B0758CKX37,五木食品,五木食品,五木食品 野菜そうめん(ほうれん草) 120g
both,B0758CBJMJ,五木食品,五木食品,五木食品 熊本黒マー油とんこつラーメン 172g
both,B0758BS27Z,五木食品,五木食品,五木食品 鍋焼きつねうどん 210g
both,B0758BRC49,五木食品,五木食品,五木食品 博多おっしょいラーメン 123g
both,B0758BR7MK,五木食品,五木食品,五木食品 3食野菜そうめん 240g
both,B07587RVP8,五木食品,五木食品,五木食品 拉麺豚骨道博多 2食入
both,B07587RS6C,五木食品,五木食品,五木食品 久留米ほとめきラーメン 123g
both,B07587RMZZ,五木食品,五木食品,五木食品 くまモンのそば熊本県産原料100%使用 200g
both,B093PG8LBY,五木食品,五木食品,五木食品 アベックラ-メン とんこつ味 180g×20個入×(2ケース)
both,B093NYGXFS,五木食品,五木食品,五木食品 熊本赤辛ラーメン 120g×20個入×(2ケース)
both,B079TDXPVJ,五木食品,五木食品,五木食品 つけ麺 魚介醤油 180g×5袋
both,B00CM240N2,五木食品,五木食品,五木食品 くまモンの焼そば 342g(2人前)×3袋
both,B00CM23ZB0,五木食品,五木食品,五木食品 天の川のように輝くそうめん 400g×5袋
both,B00CM23WNQ,五木食品,五木食品,五木食品 金ごま冷し中華 266g(2人前)×4袋
both,B00CM23VDM,五木食品,五木食品,五木食品 日向夏冷し中華 268g(2人前)×4袋
both,B00CM23RQS,五木食品,五木食品,五木食品 ざるラーメンだし割りカレー 256g(2人前)×4袋
both,B07SLK5VN6,五木食品,五木食品,五木食品 ざるラーメン ゴマだれ 264g×12個入
both,B00L4RV37C,五木食品,五木食品,五木食品 五木庵天ぷらそば 165g×10個
both,B0186NF88G,五木食品,五木食品,【Amazon.co.jp限定】五木食品 詰め合わせお楽しみBOX(熊本ラーメンセット)(セット商品)
both,B07XQNPKYF,五木食品,五木食品,五木食品 熟成素麺 540g ×3個
both,B07XQDH6ZK,五木食品,五木食品,五木食品 彩菜ざるうどん 320g ×20個
both,B07XPZY91Y,五木食品,五木食品,五木食品 つゆ付ざるそば 300g ×20個
both,B07XPVR36H,五木食品,五木食品,五木食品 博多うどん 360g ×20個
both,B07XL2DCL4,五木食品,五木食品,五木食品 2コ焼うどんソース味 406g ×3個
both,B07XJX3358,五木食品,五木食品,五木食品 五木博多焼うどん辛子明太風味 376g ×3袋
both,B07X5X1D37,五木食品,五木食品,五木食品 田舎ひやむぎ 200g ×20個
both,B07X3WDGWT,五木食品,五木食品,五木食品 棒状鍋用ラーメン 195g ×20個
both,B07X1S6KFP,五木食品,五木食品,五木食品 五木博多焼うどん辛子明太風味 376g ×18個
both,B07V9F96XL,五木食品,五木食品,五木食品 ナポリ風スパゲティ 200g×3個
both,B07S1N716Y,五木食品,五木食品,五木食品 半生冷し中華ごまだれ 250g ×12個(常温保存商品)(まとめ買い)
both,B01G8CZ39Q,五木食品,五木食品,五木食品 つけ麺辛みそごま 260g
both,B009LE9EXA,五木食品,五木食品,五木食品 鍋用ラーメン 180g×6個
both,B009KYS1AS,五木食品,五木食品,五木食品 鍋用チャンポン 180g×6個
both,B009KYS0G8,五木食品,五木食品,五木食品 棒状鍋用ラーメン 240g×5個
both,B0092K3UJ2,五木食品,五木食品,五木食品 拉麺豚骨道博多 274g(2食入り)
both,B0092K3UEC,五木食品,五木食品,五木食品 拉麺豚骨道熊本 272g(2食入り)
both,B0092K3UA6,五木食品,五木食品,五木食品 国産原料使用乱切りとろろそば 200g×2個
both,B0092K3U5Q,五木食品,五木食品,五木食品 鍋焼韓国風チャンポン 172g×6個
both,B0092K3TU2,五木食品,五木食品,五木食品 煮込みちゃんぽん海鮮とんこつ 105g×10個
both,B006ZSKYNY,五木食品,五木食品,五木食品 業務用茶そば 450g
both,B006ZSKV2S,五木食品,五木食品,五木食品 ゆでのびしにくい中華麺 500g
both,B006ZSKUUQ,五木食品,五木食品,五木食品 ゆでのびしにくい茶そば 500g
both,B006ZSKUEC,五木食品,五木食品,五木食品 ゆでのびしにくい日本そば 500g
both,B071D5NJBB,五木食品,五木食品,五木食品 早煮えうどん 400g
both,B071CW6FSW,五木食品,五木食品,五木食品 無塩づくり山芋入りそば 320g
both,B00CPWVA32,五木食品,五木食品,五木食品 ざるラーメン辛みそだれ 266g(2人前)×4袋
both,B00CPWV8PW,五木食品,五木食品,五木食品 ざるラーメンゴマだれ 270g(2人前)×4袋
both,B00CPWV5M8,五木食品,五木食品,五木食品 ざるラーメン和風しょうゆ 280g(2人前)×4袋
both,B09WJ1PFG6,五木食品,五木食品,五木食品 熱辛ラーメン辛旨味噌とんこつ 136g×10個
both,B0751J97HK,五木食品,五木食品,五木食品 糖質30%off とんこつラーメン 75g
both,B0751HZ24K,五木食品,五木食品,五木食品 激情ラーメンカレー豚骨 115g
both,B0751HV3HF,五木食品,五木食品,五木食品 熱辛ラーメン辛旨味噌とんとつ 136g
both,B0751H3TZZ,五木食品,五木食品,五木食品 スープ付ちゃんぽん 267g
both,B074VXYYVB,五木食品,五木食品,五木食品 激情ラーメンカレー豚骨 115g×5個
both,B074VWBWH8,五木食品,五木食品,五木食品 スープ付ちゃんぽん 267g×10個
both,B074VMNHGF,五木食品,五木食品,五木食品 糖質30%off とんこつラーメン 75g×10個
both,B07FWLKHX3,五木食品,五木食品,五木食品 贅沢鍋焼 ごま豆乳担担うどん 244g
both,B07FN3P812,五木食品,五木食品,五木食品 味噌ラーメン 124g×5個
both,B07C9NYGF3,五木食品,五木食品,五木食品 藪そば 200g×5個
both,B07BSK312R,五木食品,五木食品,五木食品 更科そば 200g×5個
both,B079TDXPVC,五木食品,五木食品,五木食品 つけ麺 魚介豚骨 180g×5袋
both,B079TCN4J3,五木食品,五木食品,五木食品 つけ麺 辛旨味噌 188g×5袋
both,B079SBX741,五木食品,五木食品,五木食品 つけ麺辛みそごま 260g×3袋
both,B079S8WKCF,五木食品,五木食品,五木食品 つけ麺濃厚魚介醤油 256g×3袋
both,B079S5JK8G,五木食品,五木食品,五木食品 山芋入りそば 360g×3袋
both,B079S5HYPT,五木食品,五木食品,五木食品 つけ麺濃厚魚介豚骨 248g×3袋
both,B0758BS29M,五木食品,五木食品,五木 日田風焼そば 362g
both,B09WHZZKT4,五木食品,五木食品,五木食品 熊本黒マー油とんこつラーメン 172g×5個
both,B09WHZYXHC,五木食品,五木食品,五木食品 久留米ネギとんこつラーメン 172g×5個
both,B01268WY2U,五木食品,五木食品,五木食品 鍋焼ごぼう天うどん 213g×6個
both,B01268WFT2,五木食品,五木食品,五木食品 鍋焼あげ玉うどん 210g×6個
both,B01268WEWK,五木食品,五木食品,五木食品 3食ちっこいうどん松茸風味 330g×6個
both,B01268WERK,五木食品,五木食品,五木食品 つけ麺濃厚魚介豚骨 248g×5個
both,B01268WDBC,五木食品,五木食品,五木食品 坦々麺 216g×5個
both,B01268VK1Q,五木食品,五木食品,五木食品 3食ちっこいにゅうめん醤油仕立て 270g×6個
both,B01268VDPE,五木食品,五木食品,五木食品 つけ麺丸鶏醤油 248g×5個
both,B01268VDKE,五木食品,五木食品,五木食品 つけ麺辛みそごま 260g×5個
