query,asin,brand,manufacturer,title
keywords_plus_brandNames,B00CY5M714,五木食品,五木食品,五木食品 スープ付うどん 210g×6袋(電子レンジ調理可能)(常温保存商品)
keywords_plus_brandNames,B0FK4N37KT,五木食品,五木食品,五木食品 1食生タイプ即席めん4種×各3個食べ比べセット(カレーうどん/チャンポン/そば/だんご汁 計12個)(常温保存)(電子レンジ調理可能)
keywords_plus_brandNames,B007JQBS7C,五木食品,五木食品,五木食品 熊本もっこすラーメン 123g×10個
keywords_plus_brandNames,B00CY5M7LO,五木食品,五木食品,五木食品 ナポリ風スパゲティ 200g×6袋(電子レンジ調理可能)(常温保存商品)
keywords_plus_brandNames,B0FK4MF551,五木食品,五木食品,五木食品 1食棒状ラーメン ゆず塩＆鶏だし醤油&こく味噌セット(3種×各5個 計15個)(ゆず塩/鶏だし醤油/こく味噌)(常温保存)(即席袋麺)
keywords_plus_brandNames,B09B9SCXF1,五木食品,五木食品,五木食品 火の国熊本黒 244g×10個
keywords_plus_brandNames,B00XKNPPD6,五木食品,五木食品,五木食品 中華細麺 280g×5個
keywords_plus_brandNames,B007JQBJMQ,五木食品,五木食品,五木食品 五木庵チャンポン 170g×10個(電子レンジ調理可能)(常温保存商品)
keywords_plus_brandNames,B07X5X25K6,五木食品,五木食品,五木食品 熊本赤辛ラーメン 120g ×10個
keywords_plus_brandNames,B08D9SWVPV,五木食品,五木食品,五木食品 五木庵カレーうどん 225g ×10個(電子レンジ調理可能)(常温保存商品)
keywords_plus_brandNames,B09WMP2C49,五木食品,五木食品,五木食品 3食入スープ付うどん 564g×6個(電子レンジ調理可能)(常温保存商品)
keywords_plus_brandNames,B00L4RUJTU,五木食品,五木食品,五木食品 くまモンの熊本ラーメン 176g×10個
keywords_plus_brandNames,B01987YMCM,五木食品,五木食品,五木食品 熊本もっこすラーメン 123g×20袋
keywords_plus_brandNames,B002LDAKQS,五木食品,五木食品,五木食品 火の国熊本とんこつラーメン 250g×10個
keywords_plus_brandNames,B00L4RUJVS,五木食品,五木食品,五木食品 2コ焼そば 340g×6個(常温保存商品)(生タイプ即席麵)
keywords_plus_brandNames,B074VWQCTP,五木食品,五木食品,五木食品 五木庵そば 161g×10個(電子レンジ調理可能)(常温保存商品)
keywords_plus_brandNames,B00L4RV63I,五木食品,五木食品,五木食品 3食入焼そば 510g×6個(常温保存商品)(生タイプ即席麵)
keywords_plus_brandNames,B09WHZG3TD,五木食品,五木食品,五木食品 濃厚とまとラーメン 120g×10個
keywords_plus_brandNames,B0CDLK51VH,五木食品,五木食品,五木食品 鍋焼えび天うどん 220g×18個 (アルミ鍋うどん)(常温保存商品)
keywords_plus_brandNames,B00L4RUJP4,五木食品,五木食品,五木食品 2コナポリタン 318g×6個(電子レンジ調理可能)(常温保存商品)
keywords_plus_brandNames,B0BTY9TJS4,五木食品,五木食品,五木食品 業務用中華麺 500g×2個
keywords_plus_brandNames,B007JQD302,五木食品,五木食品,五木食品 2コチャンポン 320g×6個(常温保存商品)(生タイプ即席麵)
keywords_plus_brandNames,B0GMFYP5M5,五木食品,五木食品,五木食品 タカモリ1食スパゲティ食ベ比ベセット(7種 計7個)(常温保存)(電子レンジ調理)
keywords_plus_brandNames,B0GLNYW2M6,五木食品,五木食品,五木食品 おいしい冷し中華レモン風味 222g×10個 （常温保存）
keywords_plus_brandNames,B0CDLK1FLR,五木食品,五木食品,五木食品 タカモリ 濃厚ナポリタン 185g ×10個 (電子レンジ調理可能)(生タイプ即席麵)
keywords_plus_brandNames,B0B389SN9R,五木食品,五木食品,【セット商品】五木食品 くまモンの熊本ラーメン&熊本もっこすラーメン 各5個セット 計10個
keywords_plus_brandNames,B09WMNGXKL,五木食品,五木食品,五木食品 3食濃厚ナポリタン 483g ×6個(電子レンジ調理可能)(常温保存商品)
keywords_plus_brandNames,B074VZ6FRM,五木食品,五木食品,五木食品 五木庵天ぷらうどん 214g×10個(電子レンジ調理可能)(常温保存商品)
keywords_plus_brandNames,B007JQBDVS,五木食品,五木食品,五木食品 アベックラーメンとんこつ味 180g×10個
keywords_plus_brandNames,B074VX72PT,五木食品,五木食品,五木食品 五木庵天ぷらそば 165g×10個(電子レンジ調理可能)(常温保存商品)
keywords_plus_brandNames,B0GMF6MTGF,五木食品,五木食品,五木食品 1食棒状ラーメン食べ比べアソートセット(4種×各2個 計8個)(熊本もっこす/熊本赤辛/濃厚とまと)(常温保存)(即席袋麺)
keywords_plus_brandNames,B007JQBIR2,五木食品,五木食品,五木食品 鴨だしそば 228g×6個
keywords_plus_brandNames,B079TCT3WW,五木食品,五木食品,五木食品 中華めん 250g×5袋
keywords_plus_brandNames,B0GLNTVQNZ,五木食品,五木食品,五木食品 半生冷し中華 252g×4個 (常温保存) (2食入)
keywords_plus_brandNames,B0GLNVQR67,五木食品,五木食品,五木食品 半生冷し中華ごまだれ 246g(2食入)×4個 (常温保存)
keywords_plus_brandNames,B0G2RS3JBD,五木食品,五木食品,五木食品 タカモリ３食ナポリタン474ｇ
keywords_plus_brandNames,B09MZ8JZHD,五木食品,五木食品,五木食品 スープ付うどん 210g×30個(電子レンジ調理可能)(常温保存商品)
keywords_plus_brandNames,B0B9GB49NP,五木食品,五木食品,【セット商品】五木食品 ミニカップ生タイプ即席めん全3種コンプリート×各4個 食べ比べセット(松茸風味110g/柚子風味109g/にゅうめん90g 計12個)
keywords_plus_brandNames,B0DF7MWTLS,五木食品,五木食品,五木食品 鶏だし醤油ラーメン 82g×10個
keywords_plus_brandNames,B0GMFH45Y8,五木食品,五木食品,五木食品 おいしい冷し中華 2種×各5個(レモン風味/ごまだれ）（セット商品）（常温保存）
keywords_plus_brandNames,B08PKVMHQX,五木食品,五木食品,五木食品 アベックラーメン食べ比べ 2種 6食セット(セット商品)
keywords_plus_brandNames,B0B9WPHPSV,五木食品,五木食品,五木食品 五木庵だんご汁 192g×10個 (電子レンジ調理可能)(常温保存商品)
keywords_plus_brandNames,B09WMMPXS6,五木食品,五木食品,五木食品 鍋焼えび天うどん 220g×9個(常温保存商品)(生タイプ即席麵)
keywords_plus_brandNames,B0B9GCN6V3,五木食品,五木食品,五木食品 くまモンパッケージ1食生タイプうどん・スパゲティ2種×各5個(スープ付うどん/ナポリ風スパゲティ 各5個 計10個)(電子レンジ調理)
keywords_plus_brandNames,B0869VVS2M,五木食品,五木食品,五木食品 えび味噌ラーメン 120g ×10個
keywords_plus_brandNames,B0DF7NJ8TC,五木食品,五木食品,五木食品 ゆず塩ラーメン 80g×10個
keywords_plus_brandNames,B08PKVDVSZ,五木食品,五木食品,【セット商品】五木食品 もっこす&アベックラーメン食べ比べ 2種 6食セット
keywords_plus_brandNames,B0FJRRSH8Y,五木食品,五木食品,五木食品 タカモリ お蕎麦屋さんのまかない肉だしうどん 210g×10個 (常温保存商品)(生タイプ即席麵)
keywords_plus_brandNames,B0F2DNKKQG,五木食品,五木食品,五木食品 ざるラーメン超レモン 266g 6個（乾麺）(常温保存)
keywords_plus_brandNames,B0842WK8DN,五木食品,五木食品,五木食品 ざるラーメン和風しょうゆ 280g ×6個(常温保存商品)
