query,asin,brand,manufacturer,title,filter
keywords_only,B08NJSWSBH,atrus(アトラス),,atrus(アトラス) 石原水産 まぐろチーズ チーズかつお 大 各1袋セット おつまみ お試し おやつ,title_contains_石原水産
keywords_only,B00KLVGLPQ,石原水産,,石原水産 チーズかつお 220ｇ × 5袋,title_contains_石原水産
keywords_only,B08W58BFYK,石原水産,大平水産株式会社,石原水産 食べるおだし50ｇ (2袋),title_contains_石原水産
keywords_only,B0DWMFLSQH,ノーブランド品,ノーブランド,【３種類】食べるおだし かつお/まぐろ/ぶり (各3袋) 石原水産 まとめ買いセット 生姜醤油仕立て 魚屋のプロが作った万能な燻し乾物 干物 冷奴 パスタ 卵かけご飯 うどん 大人のおつまみ おやつ オードブル アレンジ 自由自在,title_contains_石原水産
keywords_only,B0D5CQX7QT,ノーブランド品,,石原水産 チーズかつお 220g×2袋セット チーズ おつまみ お魚屋さん がつくった 大人のおつまみ 晩酌 ビール 日本酒 焼酎,title_contains_石原水産
keywords_only,B0DZY2G7XN,石原水産,石原水産,石原水産 チーズかつお 1kg お徳用 業務用 (かつお),title_contains_石原水産
keywords_only,B0GF6X8NGG,HITOSIZUKU,ひとしずく企画,HITOSIZUKU 石原水産 まぐろチーズ かつおチーズ 食べるおだし 3種セット おつまみ ギフト 詰め合わせ 珍味 個包装 酒の肴 晩酌 プレゼント (父の日/内祝い/手土産/常温保存),title_contains_石原水産
keywords_only,B0DGKH4NHV,ノーブランド品,石原水産,"石原水産 業務用 1kg 個包装 大容量サイズ おつまみ チーズ お魚屋さんがつくった大人のおつまみ (1kg, チーズかつお)",title_contains_石原水産
keywords_only,B0FLX3BPPJ,ノーブランド品,ノーブランド,【石原水産】各2袋セット｜合計4袋｜まぐろチーズ190g＆チーズかつお220g｜静岡焼津産｜水産庁長官受賞品・ジャパンフードセレクション金賞受賞｜販売累計1億粒突破！ 食べ比べ 晩酌 ビール 日本酒 焼酎 ワイン 酒の肴｜個包装・真空パック・小分けで便利｜おつまみ・おやつ・お弁当・おかず・贈答に最適,title_contains_石原水産
keywords_only,B0FQ5MRQ99,ノーブランド品,石原水産,石原水産 まぐろチーズ 190g チーズかつお 220g 大 各1袋セット おつまみ お試し おやつ リニューアル,title_contains_石原水産
keywords_only,B0FV5RC1X4,NAZONO,石原水産,石原水産 製造 チーズかつお まぐろチーズ 業務用 1kg おつまみ 珍味 つまみ 魚介加工品 個包装 食べ比べ ギフト 晩酌 ビール 日本酒 ウイスキー お酒のお供 常温保存 (まぐろ),title_contains_石原水産
keywords_only,B0FV5WVRFL,NAZONO,石原水産,石原水産 製造 チーズかつお まぐろチーズ 業務用 1kg 大容量 おつまみ 珍味 つまみ 魚介加工品 個包装 食べ比べ ギフト 晩酌 ビール 日本酒 ウイスキー お酒のお供 常温保存 (かつお),title_contains_石原水産
keywords_only,B0DZY37MPK,石原水産,石原水産,石原水産 まぐろチーズ 1kg お徳用 業務用 (まぐろ),title_contains_石原水産
keywords_only,B0BX3V74CP,石原水産,石原水産,石原水産 まぐろチーズ 190ｇ,title_contains_石原水産
keywords_only,B09LD4YFF5,石原水産,石原水産,石原水産　食べるおだし　まぐろ （2袋セット）,title_contains_石原水産
keywords_only,B0DVB9VK8Q,ノーブランド品,石原水産,【各1袋セット｜合計3袋】ヒルナンデスで紹介｜食べるおだし かつお50g/袋＋まぐろ35g/袋＋ぶり40g/袋 石原水産 焼津 魚屋のプロが作った万能な燻し乾物 干物｜大人のおつまみ食べ比べ 晩酌 ビール 日本酒 焼酎 ワインの酒の肴｜食卓の冷奴 ご飯 パスタ リゾット サラダのグレードアップ｜保存に便利なチャック付き袋｜贈答 ギフト,title_contains_石原水産
keywords_only,B0F9QZT8WW,ノーブランド品,石原水産,【各2袋セット｜合計6袋】ヒルナンデスで紹介｜食べるおだし かつお50g/袋＋まぐろ35g/袋＋ぶり40g/袋 石原水産 焼津 魚屋のプロが作った万能な燻し乾物 干物｜大人のおつまみ食べ比べ 晩酌 ビール 日本酒 焼酎 ワインの酒の肴｜食卓の冷奴 ご飯 パスタ リゾット サラダのグレードアップ｜保存に便利なチャック付き袋｜贈答 ギフト,title_contains_石原水産
keywords_only,B0CWWJPXW6,Generic,石原水産,まぐろチーズ 190g 石原水産 5袋セット 個包装,title_contains_石原水産
keywords_only,B0DVYKH2PV,網元大将,石原水産,網元大将 石原水産 まぐろの角煮110ｇ (２袋) ゆうパケ,title_contains_石原水産
keywords_only,B0CJ8N139M,ノーブランド品,石原水産,チーズかつお 220g×2 まぐろチーズ 190g×2 チーズ おつまみ 石原水産 [ 静岡 で1億粒突破] 摘み,title_contains_石原水産
keywords_only,B0DK6GNB7J,石原水産,石原水産,石原水産 食べるおだし 33ｇ×5袋,title_contains_石原水産
keywords_only,B0D5Y33BTG,石原水産,石原水産,"石原水産 食べるおだし (150g×3袋, まぐろ はしっこ)",title_contains_石原水産
keywords_only,B0D5MKGTQ4,石原水産,石原水産,"石原水産 食べるおだし (150g, まぐろ はしっこ)",title_contains_石原水産
keywords_only,B0CKNYLH52,ノーブランド品,石原水産,チーズかつお 石原水産 220g おつまみ 珍味 静岡 で1億粒突破 晩酌 かつお チーズ 個包装 おやつ 鰹 角煮,title_contains_石原水産
keywords_only,B0D5KTGZPC,石原水産,石原水産,"石原水産 食べるおだし (200g, かつお はしっこ)",title_contains_石原水産
keywords_only,B0CJ8MXDW6,ノーブランド品,石原水産,チーズかつお 220g×3 まぐろチーズ 190g×3 チーズ おつまみ 石原水産 [ 静岡 で1億粒突破] 摘み,title_contains_石原水産
keywords_only,B0DV46Z3D1,ノーブランド品,石原水産,【各1袋セット｜合計2袋】ヒルナンデスで紹介｜食べるおだし かつお50g/袋＋まぐろ35g/袋 石原水産 焼津 魚屋のプロが作った万能な燻し乾物 干物｜大人のおつまみ食べ比べ 晩酌 ビール 日本酒 焼酎 ワインの酒の肴｜食卓の冷奴 ご飯 パスタ リゾット サラダのグレードアップ｜保存に便利なチャック付き袋｜贈答 ギフト,title_contains_石原水産
keywords_only,B09RW3FD13,石原水産,石原水産,石原水産 まぐろチーズ 190g ３個セット,title_contains_石原水産
keywords_only,B0C537NT3R,ノーブランド品,,石原水産 食べるおだし50ｇ (6袋)Topsellerオリジナル開封日シールセット おまけ付き 鰹だし 冷奴のトッピング、パスタ、卵かけご飯,title_contains_石原水産
keywords_only,B0DV46TY3V,ノーブランド品,石原水産,【合計3袋セット】ヒルナンデスで紹介｜食べるおだし かつお50g/袋 石原水産 焼津 魚屋のプロが作った万能な燻し乾物 干物｜大人のおつまみ食べ比べ 晩酌 ビール 日本酒 焼酎 ワインの酒の肴｜食卓の冷奴 ご飯 パスタ リゾット サラダのグレードアップ｜保存に便利なチャック付き袋｜贈答 ギフト,title_contains_石原水産
keywords_only,B08W56WVHD,石原水産,大平水産株式会社,網元大将 石原水産 食べるおだし かつお50ｇ (1袋) ゆうパケ,title_contains_石原水産
keywords_only,B0DWMG2L6Y,ノーブランド品,ノーブランド,【３種類】食べるおだし かつお/まぐろ/ぶり (各2袋) 石原水産 まとめ買いセット 生姜醤油仕立て 魚屋のプロが作った万能な燻し乾物 干物 冷奴 パスタ 卵かけご飯 うどん 大人のおつまみ おやつ オードブル アレンジ 自由自在,title_contains_石原水産
keywords_only,B0BXXB3TLK,石原水産,石原水産,石原水産 チーズかつお 220g,title_contains_石原水産
keywords_only,B0HD6M5KNP,ノーブランド品,石原水産,3種セット 食べるおだし かつお まぐろ ぶり アソート 石原水産 出汁 オリジナル開封管理ステッカー付 焼津 乾物 干物 大人のおつまみ アソート,title_contains_石原水産
keywords_only,B0GHYMFTPP,リフココ,石原水産,石原水産 食べるおだし 3種アソート (かつお 50g/まぐろ 35g/ぶり 40g) 各5袋ずつ 計15袋セット ケース販売 かつおスライス,title_contains_石原水産
keywords_only,B0C38B8JXG,ノーブランド品,,石原水産 食べるおだし50ｇ (8袋) Topsellerオリジナル開封日シールセット おまけ付き 鰹だし 冷奴のトッピング、パスタ、卵かけご飯,title_contains_石原水産
keywords_only,B0DT4XNK46,ノーブランド品,石原水産,【3袋セット｜チーズかつお220g入】【ジャパンフードセレクション金賞受賞】販売累計1億粒！石原水産の簡単な大人のおつまみ 晩酌 ビール 日本酒 焼酎 ワインの酒の肴｜手軽にお弁当、おかず、おやつのにも｜個包装・真空パック・小分けで便利｜濃厚な鰹角煮と特製チーズの絶妙なハーモニー｜贈答・ギフト,title_contains_石原水産
keywords_only,B0D5Y1YL8F,石原水産,石原水産,"石原水産 食べるおだし (200g×3袋, かつお はしっこ)",title_contains_石原水産
keywords_only,B0DWMJQTXT,ノーブランド品,ノーブランド,【３種類】食べるおだし かつお/まぐろ/ぶり (各5袋) 石原水産 まとめ買いセット 生姜醤油仕立て 魚屋のプロが作った万能な燻し乾物 干物 冷奴 パスタ 卵かけご飯 うどん 大人のおつまみ おやつ オードブル アレンジ 自由自在,title_contains_石原水産
keywords_only,B0CJ8M1BGB,ノーブランド品,石原水産,まぐろチーズ 190g×4 チーズ おつまみ 石原水産 [ 静岡 で1億粒突破] つまみ-セット 摘み,title_contains_石原水産
keywords_only,B0C6MNMSS2,ノーブランド品,石原水産,食べるおだし かつお ３袋セット 石原水産,title_contains_石原水産
keywords_only,B0FLWZ3V7C,ノーブランド品,ノーブランド,【石原水産 】食べるおだし 3種 食べ比べ おためしセット（かつお50g・まぐろ35g・ぶり40g）計125g｜そのまま食べられる天然だし｜高たんぱく・低脂質｜健康 おやつ・おつまみ・料理のトッピング・ギフトに,title_contains_石原水産
keywords_only,B0F27G9K5R,ノーブランド品,石原水産,石原水産 食べるおだし 2種セット ［まぐろ:かつお 各1袋］ お試し 食べ比べ 味付き 削り節 そのまま食べる おつまみ 「食べるおだし2種セット」,title_contains_石原水産
keywords_only,B0CJ8LG63G,ノーブランド品,石原水産,チーズかつお 220g×3 チーズ おつまみ 石原水産 [ 静岡 で1億粒突破] つまみ-セット 摘み,title_contains_石原水産
keywords_only,B0CWWPM1WT,Generic,石原水産,チーズかつお 石原水産 220g 5袋セット 個包装,title_contains_石原水産
keywords_only,B0DK6HS179,石原水産,石原水産,石原水産 まぐろチーズ 41ｇ×5袋,title_contains_石原水産
keywords_only,B0038P1FGW,石原水産,石原水産,石原水産 チーズかつお 245g,title_contains_石原水産
keywords_only,B0FTZ2G35M,リフココ,石原水産,石原水産 食べるおだし 2種アソート（かつお 50g まぐろ 35g）各5袋ずつ 計10袋セット ケース販売 かつおスライス,title_contains_石原水産
keywords_only,B0D5CQJL1Z,ノーブランド品,,石原水産 まぐろチーズ 190g×2袋セット チーズ おつまみ お魚屋さんがつくった大人のおつまみ 晩酌 ビール 日本酒 焼酎,title_contains_石原水産
keywords_only,B08W56J39D,網元大将,石原水産,網元大将 石原水産 まぐろの角煮110ｇ ゆうパケ,title_contains_石原水産
keywords_only,B0FG2TTX8C,D.P.Life,石原水産,マグロの生ハム キハダマグロ Mサイズ 魚肉を使った生ハム 赤身 石原水産 鮪 刺身 冷凍ストック (1本),title_contains_石原水産
keywords_only,B0C8HNQYT2,ノーブランド品,,食べるおだし かつお50ｇ/まぐろ35g （各3袋×2種類）Topsellerオリジナル開封日シールセット おまけ付き 石原水産 冷奴 パスタ 卵かけご飯 おつまみ おやつ オードブル,title_contains_石原水産
keywords_only,B0DK6H2QK4,石原水産,石原水産,石原水産 チーズかつお 47ｇ×5袋,title_contains_石原水産
keywords_only,B0GHYYKRFV,リフココ,石原水産,石原水産 食べるおだし かつお 50g×15袋セット ケース販売 かつおスライス 国産かつお使用 だし香る醤油仕立て,title_contains_石原水産
keywords_only,B0C7K9VGGP,ノーブランド品,,食べるおだし かつお50ｇ/まぐろ35g (2種類)Topsellerオリジナル開封日シールセット おまけ付き 石原水産 冷奴 パスタ 卵かけご飯 おつまみ おやつ オードブル,title_contains_石原水産
keywords_only,B0DWMJ69WH,ノーブランド品,ノーブランド,【３種類】食べるおだし かつお/まぐろ/ぶり (各1袋) 石原水産 食べ比べセット 生姜醤油仕立て 魚屋のプロが作った万能な燻し乾物 干物 冷奴 パスタ 卵かけご飯 うどん 大人のおつまみ おやつ オードブル アレンジ 自由自在,title_contains_石原水産
keywords_only,B0B2DKDLTH,まぐろ処一条,石原水産,まぐろチーズ 190g 5個セット 石原水産 おつまみ おやつ 佃煮 角煮 甘口 個包装 [[まぐろチーズ-5p],title_contains_石原水産
keywords_only,B0DWMFXK3R,ノーブランド品,ノーブランド,【6袋セット】食べるおだし ぶり 40g 石原水産 生姜醤油仕立て 魚屋のプロが作った万能な燻し乾物 干物 冷奴 パスタ 卵かけご飯 うどん 大人のおつまみ おやつ オードブル アレンジ 自由自在,title_contains_石原水産
keywords_only,B0DBH3CPNW,ノーブランド品,石原水産株式会社,食べるおだし まぐろ35g (10袋) 開封日シールセット おまけ付き 石原水産 冷奴 パスタ 卵かけご飯 おつまみ おやつ オードブル,title_contains_石原水産
keywords_only,B0C8HJX1DG,ノーブランド品,,食べるおだし かつお50ｇ/まぐろ35g （各2袋×2種類）Topsellerオリジナル開封日シールセット おまけ付き 石原水産 冷奴 パスタ 卵かけご飯 おつまみ おやつ オードブル,title_contains_石原水産
keywords_only,B0H5VV2SRQ,通販パーク,石原水産,石原水産 ねぎとろ丼の具 160g×3袋 たれ25g×6袋 セット 冷凍 焼津 まぐろたたき ネギトロ丼 海鮮丼 丼のたれ付き 簡単調理,title_contains_石原水産
keywords_only,B0DX2BKJ8P,ノーブランド品,石原水産株式会社,食べるおだし かつお ３袋セット 石原水産,title_contains_石原水産
keywords_only,B0BXKWM7HV,ギフトオンリーワン,焼津石原水産,焼津石原水産 焼津一本釣り 鰹 たたき 産地直送 お取り寄せグルメ 702-1643p,title_contains_石原水産
keywords_only,B0H93RF7G3,ノーブランド品,産直お取り寄せＮセレクト,焼津 石原水産 食べるおだし 詰め合わせ かつお50g×2、まぐろ35g×2 おつまみ 魚介,title_contains_石原水産
keywords_only,B0DBH1ZN9L,ノーブランド品,石原水産株式会社,食べるおだし かつお50ｇ/まぐろ35g (各5袋×2種類) 開封日シールセット おまけ付き 石原水産 冷奴 パスタ 卵かけご飯 おつまみ おやつ オードブル,title_contains_石原水産
keywords_only,B0CP4ZNH7C,わが街とくさんネット,わが街とくさんネット,静岡 石原水産 駿河湾産 釜揚げ 桜えび しらす セット 計210g シラス,title_contains_石原水産
keywords_only,B0C7KFTZDY,ノーブランド品,,食べるおだし まぐろ35g (3袋) Topsellerオリジナル開封日シールセット おまけ付き 石原水産 冷奴 パスタ 卵かけご飯 おつまみ おやつ オードブル,title_contains_石原水産
keywords_only,B0DBH1DJGL,ノーブランド品,石原水産株式会社,食べるおだし かつお50g (10袋) 開封日シールセット おまけ付き 石原水産 冷奴 パスタ 卵かけご飯 おつまみ おやつ オードブル,title_contains_石原水産
keywords_only,B0DX2DZPNZ,ノーブランド品,ノーブランド,食べるおだし まぐろ ３袋セット 石原水産,title_contains_石原水産
keywords_only,B0C7K855YX,ノーブランド品,,食べるおだし まぐろ35g (4袋) Topsellerオリジナル開封日シールセット おまけ付き 石原水産 冷奴 パスタ 卵かけご飯 おつまみ おやつ オードブル,title_contains_石原水産
keywords_only,B0DXVY3YLP,ノーブランド品,食べるおだし,【お試しセット】焼津石原水産 魚屋がつくった食べるおだし かつお ぶり 乾物 2袋ずつ,title_contains_石原水産
keywords_only,B0FDKWPJ5J,わが街とくさんネット,わが街とくさんネット,焼津石原水産 魚屋がつくった食べるおだし 和風惣菜【二重包装不可】【お届け不可地域：離島】,title_contains_石原水産
keywords_only,B0DF6TRVZQ,わが街とくさんネット,わが街とくさんネット,静岡 石原水産 簡単調理 ねぎとろ丼の具4食セット 惣菜【二重包装不可】【お届け不可地域：離島】,title_contains_石原水産
keywords_only,B0D8HTFNMQ,わが街とくさんネット,わが街とくさんネット,静岡 石原水産 めかじきのしゃぶすき鍋 150g×1 鍋セット すき焼き【二重包装不可】【お届け不可地域：離島】,title_contains_石原水産
keywords_only,B0D8HP2XYR,わが街とくさんネット,わが街とくさんネット,静岡 石原水産 めかじきのしゃぶすき鍋 150g×2 鍋セット すき焼き【二重包装不可】【お届け不可地域：離島】,title_contains_石原水産
keywords_only,B0DF6VWVMC,わが街とくさんネット,わが街とくさんネット,静岡 石原水産 簡単調理 ねぎとろ丼の具6食セット 惣菜【二重包装不可】【お届け不可地域：離島】,title_contains_石原水産
keywords_only,B0DF6WX3RV,わが街とくさんネット,わが街とくさんネット,静岡 石原水産 まぐろ丼5種セット 惣菜 海鮮丼【二重包装不可】【お届け不可地域：離島】,title_contains_石原水産
keywords_only,B0DF6W4P44,わが街とくさんネット,わが街とくさんネット,静岡 石原水産 簡単調理 ねぎとろ丼の具8食セット 惣菜【二重包装不可】【お届け不可地域：離島】,title_contains_石原水産
keywords_only,B0D8HS7T73,わが街とくさんネット,わが街とくさんネット,静岡 石原水産 めかじきのしゃぶすき鍋 150g×3 鍋セット すき焼き【二重包装不可】【お届け不可地域：離島】,title_contains_石原水産
keywords_only,B0D8HQ348H,わが街とくさんネット,わが街とくさんネット,静岡 石原水産 めかじきのしゃぶすき鍋 150g×4 鍋セット すき焼き【二重包装不可】【お届け不可地域：離島】,title_contains_石原水産
keywords_only,B0D8HVYGK3,わが街とくさんネット,わが街とくさんネット,静岡 石原水産 めかじきのしゃぶすき鍋 150g×5 鍋セット すき焼き【二重包装不可】【お届け不可地域：離島】,title_contains_石原水産
keywords_only,B0D8HSBJKJ,わが街とくさんネット,わが街とくさんネット,静岡 石原水産 めかじきのしゃぶすき鍋 150g×6 鍋セット すき焼き【二重包装不可】【お届け不可地域：離島】,title_contains_石原水産
keywords_only,B0FPCZFJZ6,リフココ,石原水産,石原水産 チーズかつお まぐろチーズ 2種アソート 各5袋ずつ 10袋セット ケース販売 個包装 酒のつまみ,title_contains_石原水産
keywords_only,B0GHYP85MR,リフココ,石原水産,石原水産 食べるおだし まぐろ 35g×15袋セット ケース販売 だし香る醤油仕立て 焼津産 酒のおつまみ チャック付き袋入り オリジナルおしぼり付き,title_contains_石原水産
keywords_only,B0DFXLDVDZ,ノーブランド品,石原水産,石原水産 2種アソート 食べ比べ（チーズかつお 220g まぐろチーズ 190g）各5袋ずつ 計10袋セット 個包装 おつまみ,title_contains_石原水産
keywords_only,B0FWXJS99B,ノーブランド品,石原水産,【売り切れ次第終了】＜200g×2袋セット＞ 石原水産 食べるおだしシリーズ フレーク 訳あり B級品 常温保存可能 炊きたてご飯・パスタ・うどん用 非常食・防災食にも,title_contains_石原水産
keywords_only,B0GHNZ9ZR8,リフココ,石原水産,石原水産 食べるおだし ぶり(鰤) 40g×15袋セット ケース販売 国産ぶり使用 生姜醤油仕立て 酒のおつまみ 焼津 乾物 干物,title_contains_石原水産
keywords_only,B00DZIOEF6,石原水産,石原水産,石原水産 まぐろチーズ 41g×5袋,title_contains_石原水産
keywords_only,B0FDL3TMN6,ノーブランド品,石原水産,石原水産 チーズかつお 47g×5袋,title_contains_石原水産
keywords_only,B0FJ74F5BP,ノーブランド品,石原水産,石原水産 チーズかつお 220g x 【10袋セット】 個包装 おつまみ お魚屋さんがつくった大人のおつまみ ポケットペーパーハンドタオル付き,title_contains_石原水産
keywords_only,B0F6LNVLSL,ノーブランド品,食べるおだし,【お試しセット】焼津石原水産 魚屋がつくった食べるおだし まぐろ旨塩 かつお醬油 乾物 2袋ずつ,title_contains_石原水産
keywords_only,B0BC8DZMXX,ノーブランド品,ノーブランド品,お魚屋さんがつくった大人のチーズかつお 1袋 石原水産,title_contains_石原水産
keywords_only,B0D3DHDQ15,ノーブランド品,石原水産,【3個セット】石原水産 チーズかつお 220g 3袋セット まとめ買い ジップ袋付き,title_contains_石原水産
keywords_only,B0FFLXKMJK,ノーブランド品,石原水産,【お試しセット】 おつまみ チーズかつお 47g ＆ まぐろチーズ 41g ＆ 食べるおだし (かつお) 33g 各1袋 [石原水産 静岡県 吉田町 22424385],title_contains_石原水産
keywords_only,B00DZIOAFK,石原水産,石原水産,石原水産 チーズかつお 47g×5袋,title_contains_石原水産
keywords_only,B09R9V48Q7,umaimon,石原水産,石原水産の「マグロの生ハム」,title_contains_石原水産
keywords_only,B0D5PHBSTZ,ノーブランド品,石原水産,チーズかつお 10袋セット 個包装 石原水産 ジャパンフードセレクション金賞受賞 おしぼりセット,title_contains_石原水産
keywords_only,B0DK68FTGC,ノーブランド品,石原水産株式会社,絶旨グルメ 【 まぐろの 生ハム 】180g×3本 [石原水産 静岡県 吉田町 22424096],title_contains_石原水産
keywords_only,B0DK69K9HY,ノーブランド品,石原水産株式会社,お魚屋さんがつくった大人のおつまみ チーズかつお (大・小)×1 & まぐろチーズ(大)×1 (小)×2 計5袋 [石原水産 静岡県 吉田町 22424095],title_contains_石原水産
keywords_only,B0FFM14VTV,ノーブランド,石原水産株式会社,まぐろ丼 90g 2パック 計180g 2人前 [石原水産 静岡県 吉田町 22424378] 冷凍 丼 マグロ 鮪 刺身 刺し身 海鮮丼 ふるさと納税,title_contains_石原水産
keywords_only,B0FFHCS32J,ノーブランド品,石原水産,【お試しセット】 チーズ おつまみ まぐろチーズ 41g 2袋 計82g [石原水産株式会社 静岡県 吉田町 22424386],title_contains_石原水産
keywords_only,B0DK695995,ノーブランド品,石原水産株式会社,絶旨グルメ 【 まぐろの 生ハム 】180g×2本 [石原水産 静岡県 吉田町 22424097],title_contains_石原水産
keywords_only,B0FFLSVMPH,ノーブランド品,石原水産,【お試しセット】おつまみ チーズかつお 47g 1袋 ＆ まぐろチーズ 41g 1袋 [石原水産 静岡県 吉田町 22424388] おつまみセット ふるさと納税,title_contains_石原水産
keywords_only,B0FFM37R1F,ノーブランド,石原水産株式会社,マグロ 漬け づけまぐろ 旨塩丼 80g 2パック 計160g 2人前 [石原水産 静岡県 吉田町 22424377] 冷凍 漬けマグロ 漬け丼 鮪 まぐろ ふるさと納税,title_contains_石原水産
keywords_only,B0FFLJQ5K5,ノーブランド,石原水産株式会社,マグロ 漬け づけまぐろ 旨辛丼 70g 2パック 計140g 2人前 [石原水産 静岡県 吉田町 22424376] 冷凍 漬けマグロ 漬け丼 ふるさと納税,title_contains_石原水産
keywords_only,B0FFLJ28J6,ノーブランド,石原水産株式会社,マグロ 漬け づけまぐろ 山かけ丼 70g 2パック 計140g 2人前 [石原水産 静岡県 吉田町 22424375] 冷凍 漬けマグロ 漬け丼 鮪 ふるさと納税,title_contains_石原水産
keywords_only,B0F4PVZY2N,ノーブランド品,007,【お試しセット】石原水産 まぐろチーズ チーズかつお 大 各1袋セット おつまみ お試し おやつ 『貴方はまるかも!』,title_contains_石原水産
keywords_only,B0FFHFFYV4,ノーブランド品,石原水産,【お試しセット】 チーズ おつまみ チーズかつお 47g 2袋 計94g [石原水産株式会社 静岡県 吉田町 22424387] おつまみセット セット ふるさと納税,title_contains_石原水産
keywords_only,B00925U0YA,コモライフ,,10273　石原水産　まぐろ丼贅沢三昧 0206334,title_contains_石原水産
keywords_only,B00J4FTB3Y,,,10274　石原水産　本場焼津のまぐろ丼三昧,title_contains_石原水産
keywords_only,B00925QNXC,コモライフ,,10283　石原水産　本場焼津のかつおまぐろ尽くし 0206327,title_contains_石原水産
keywords_only,B00J4FTH6U,,,10284　石原水産　本場焼津の南まぐろとかつおの尽くし,title_contains_石原水産
keywords_only,B00CRE76S6,石原バイオサイエンス,石原水産,石原水産 まぐろチーズ 220g,title_contains_石原水産
keywords_only,B0BC8C2R1Z,ノーブランド品,ノーブランド品,【訳アリ★賞味期限間近のため値下げ】お魚屋さんがつくった大人のまぐろチーズ 1袋 石原水産オリジナル開封日シールセット おまけ付き【アウトレット外装なし/個包装 詰め合わせ】,title_contains_石原水産
keywords_only,B00DZIOILQ,石原水産,石原水産,石原水産 まぐろ角煮 150g,title_contains_石原水産
keywords_only,B00DZIOQPE,石原水産,石原水産,石原水産 子持ち風かつお 170g,title_contains_石原水産
keywords_only,B00DZIOCI0,石原水産,石原水産,石原水産 ぷちぷちししゃも明太 38g×5袋,title_contains_石原水産
keywords_only,B00DZIO7US,石原水産,石原水産,石原水産 まぐろのチーズフランク 49g×5袋,title_contains_石原水産
keywords_only,B00DZIOH08,石原水産,石原水産,石原水産 つぶっこまぐろ 200g,title_contains_石原水産
keywords_only,B00DZIOK0U,石原水産,石原水産,石原水産 かつお角煮 250g,title_contains_石原水産
keywords_only,B00DZIOMF8,石原水産,石原水産,石原水産 まぐろしぐれ煮 120g,title_contains_石原水産
keywords_only,B00DZIOOXI,石原水産,石原水産,石原水産 かつおしぐれ煮 200g,title_contains_石原水産
keywords_only,B0CKX6CJ5T,ノーブランド品,朝市場直行,【朝市場直行】石原水産 冷凍カツオ かつおタタキ（並）(1パック・1切入）太平洋 300g位【冷凍】,title_contains_石原水産
keywords_only,B09K3RCV54,石原水産,石原水産,石原水産 食べるおだし 33g,title_contains_石原水産
keywords_only,B0CK67JJCR,ノーブランド品,石原水産,まぐろチーズ 41g×1 チーズ おつまみ 石原水産 (公式) [ 静岡 で1億粒突破] つまみ-セット (ノベルティ付),title_contains_石原水産
keywords_only,B0CJ8MT2CT,ノーブランド品,石原水産,まぐろチーズ 41g×6 チーズ おつまみ 石原水産 [ 静岡 で1億粒突破] つまみ-セット 摘み お酒体質CKおまけ,title_contains_石原水産
keywords_only,B095WZ1MZG,石原水産株式会社,石原水産株式会社,石原水産「まぐろチーズ」2袋+「チーズかつお」2袋の4袋セット,title_contains_石原水産
keywords_only,B0CP51FFNQ,わが街とくさんネット,わが街とくさんネット,静岡 石原水産 駿河湾産 釜揚げ 桜えび しらす セット 計1.48kg シラス,title_contains_石原水産
keywords_only,B0CP4ZBBHV,わが街とくさんネット,わが街とくさんネット,静岡 石原水産 駿河湾産 釜揚げ 桜えび しらす セット 1.47kg シラス,title_contains_石原水産
keywords_only,B0CP4Z1782,わが街とくさんネット,わが街とくさんネット,静岡 石原水産 駿河湾産 釜揚げ 桜えび しらす セット 計970g シラス,title_contains_石原水産
keywords_only,B0DWMJDZ4J,ノーブランド品,ノーブランド,【10袋セット】食べるおだし ぶり 40g 石原水産 生姜醤油仕立て 魚屋のプロが作った万能な燻し乾物 干物 冷奴 パスタ 卵かけご飯 うどん 大人のおつまみ おやつ オードブル アレンジ 自由自在,title_contains_石原水産
keywords_only,B0BH7V2HYZ,ノーブランド品,ノーブランド品,お魚屋さんがつくった大人のチーズかつお 220g×5袋 石原水産 Topsellerオリジナル開封日シールセット おまけ付き,title_contains_石原水産
keywords_only,B0CP4FZ14S,ノーブランド品,石原水産,チーズかつお 41g×1 チーズ おつまみ 石原水産 (公式) [ 静岡 で1億粒突破] つまみ-セット (ノベルティ付),title_contains_石原水産
keywords_only,B0D93BRZ1D,わが街とくさんネット,わが街とくさんネット,焼津石原水産 魚屋がつくった食べるおだし 乾物【お届け不可地域：離島】,title_contains_石原水産
keywords_only,B0F3T2628Y,ノーブランド品,,【3袋まとめ売り晩酌セット】石原水産 チーズかつお 47ｇ 石原水産 食べるおだし 33ｇ 石原水産 まぐろチーズ 41ｇ,title_contains_石原水産
keywords_only,B0CP529LVY,わが街とくさんネット,わが街とくさんネット,静岡 石原水産 駿河湾産 釜揚げ 桜えび しらす セット 計340g シラス,title_contains_石原水産
keywords_only,B0CP51T6FG,わが街とくさんネット,わが街とくさんネット,静岡 石原水産 駿河湾産 生桜えび 生しらす セット 計360g 桜えび シラス,title_contains_石原水産
keywords_only,B0CP4YZZXT,わが街とくさんネット,わが街とくさんネット,静岡 石原水産 駿河湾産 釜揚げ 桜えび しらす セット 計290g シラス,title_contains_石原水産
keywords_only,B0CKX4QRD2,ノーブランド品,朝市場直行,【朝市場直行】石原水産 冷凍カツオ 炙りかつお黒胡椒にんにく(1パック・1切入）日本 300g位【冷凍】,title_contains_石原水産
keywords_only,B0GY42TRTQ,ノーブランド品,---,静岡 石原水産 駿河湾産釜揚げ桜えび しらすセット 駿河湾 水揚げ 希少 桜えび しらす 釜揚げ,title_contains_石原水産
keywords_only,B0DJGLDYJK,ノーブランド品,通販パーク,焼津石原水産 天然南まぐろ赤身中とろ切り落し 500g 3830 【 御歳暮 ギフト お歳暮のし 対応可 家庭用 自宅用 贈答用 贈り物 出産祝い 出産内祝い お返し 香典返し 】,title_contains_石原水産
keywords_only,B0F3X1PWXP,ノーブランド品,ノーブランド,【3袋まとめ売り晩酌セット】石原水産 チーズかつお 47ｇ 石原水産 食べるおだし 33ｇ 石原水産 まぐろチーズ 41ｇ,title_contains_石原水産
keywords_only,B0DWMFSG3S,ノーブランド品,ノーブランド,【8袋セット】食べるおだし ぶり 40g 石原水産 生姜醤油仕立て 魚屋のプロが作った万能な燻し乾物 干物 冷奴 パスタ 卵かけご飯 うどん 大人のおつまみ おやつ オードブル アレンジ 自由自在,title_contains_石原水産
