ASIN,商品名,ブランド,製造者,売れ筋ランキング: 90 日平均,Amazon: 現在価格,Amazon: 在庫,Amazon: 90日間在庫切れ,新品: 90 日平均,カテゴリ: サブ,商品コード: EAN
B0DV46Z3D1,【各1袋セット｜合計2袋】ヒルナンデスで紹介｜食べるおだし かつお50g/袋＋まぐろ35g/袋 石原水産 焼津 魚屋のプロが作った万能な燻し乾物 干物｜大人のおつまみ食べ比べ 晩酌 ビール 日本酒 焼酎 ワインの酒の肴｜食卓の冷奴 ご飯 パスタ リゾット サラダのグレードアップ｜保存に便利なチャック付き袋｜贈答 ギフト,ノーブランド品,石原水産,11019,,,100 %,"1,140",干物・燻製,
B0F9QZT8WW,【各2袋セット｜合計6袋】ヒルナンデスで紹介｜食べるおだし かつお50g/袋＋まぐろ35g/袋＋ぶり40g/袋 石原水産 焼津 魚屋のプロが作った万能な燻し乾物 干物｜大人のおつまみ食べ比べ 晩酌 ビール 日本酒 焼酎 ワインの酒の肴｜食卓の冷奴 ご飯 パスタ リゾット サラダのグレードアップ｜保存に便利なチャック付き袋｜贈答 ギフト,ノーブランド品,石原水産,11183,,,100 %,"2,940",干物・燻製,
B0DVB9VK8Q,【各1袋セット｜合計3袋】ヒルナンデスで紹介｜食べるおだし かつお50g/袋＋まぐろ35g/袋＋ぶり40g/袋 石原水産 焼津 魚屋のプロが作った万能な燻し乾物 干物｜大人のおつまみ食べ比べ 晩酌 ビール 日本酒 焼酎 ワインの酒の肴｜食卓の冷奴 ご飯 パスタ リゾット サラダのグレードアップ｜保存に便利なチャック付き袋｜贈答 ギフト,ノーブランド品,石原水産,11211,,,100 %,"1,650",干物・燻製,
B0DV46TY3V,【合計3袋セット】ヒルナンデスで紹介｜食べるおだし かつお50g/袋 石原水産 焼津 魚屋のプロが作った万能な燻し乾物 干物｜大人のおつまみ食べ比べ 晩酌 ビール 日本酒 焼酎 ワインの酒の肴｜食卓の冷奴 ご飯 パスタ リゾット サラダのグレードアップ｜保存に便利なチャック付き袋｜贈答 ギフト,ノーブランド品,石原水産,11247,,,100 %,"1,650",干物・燻製,
B08NJSWSBH,atrus(アトラス) 石原水産 まぐろチーズ チーズかつお 大 各1袋セット おつまみ お試し おやつ,atrus(アトラス),,17697,,,100 %,"1,649",おつまみ・珍味,
B08W58BFYK,石原水産 食べるおだし50ｇ (2袋),石原水産,大平水産株式会社,20760,,,100 %,958,和風だし,4906283045119
B08W56WVHD,網元大将 石原水産 食べるおだし かつお50ｇ (1袋) ゆうパケ,石原水産,大平水産株式会社,20854,,,100 %,619,和風だし,4906283045119
B0D5Y33BTG,"石原水産 食べるおだし (150g×3袋, まぐろ はしっこ)",石原水産,石原水産,29283,,,100 %,"2,102",和風だし,4906283046512
B0D5Y1YL8F,"石原水産 食べるおだし (200g×3袋, かつお はしっこ)",石原水産,石原水産,29342,,,100 %,"2,111",和風だし,4906283046413
B09LD4YFF5,石原水産　食べるおだし　まぐろ （2袋セット）,石原水産,石原水産,29484,,,100 %,990,和風だし,
B0D5KTGZPC,"石原水産 食べるおだし (200g, かつお はしっこ)",石原水産,石原水産,29744,,,100 %,914,和風だし,4906283043986
B0D5MKGTQ4,"石原水産 食べるおだし (150g, まぐろ はしっこ)",石原水産,石原水産,29857,,,100 %,879,和風だし,4906283044884
B0DZY2G7XN,石原水産 チーズかつお 1kg お徳用 業務用 (かつお),石原水産,石原水産,35109,,,100 %,"4,115",塩辛・珍味,4906283047816
B00KLVGLPQ,石原水産 チーズかつお 220ｇ × 5袋,石原水産,,35711,,,100 %,"4,136",おつまみ・珍味,4906283022981
B0DZY37MPK,石原水産 まぐろチーズ 1kg お徳用 業務用 (まぐろ),石原水産,石原水産,35806,,,100 %,"4,520",塩辛・珍味,4906283047915
B0FQ5MRQ99,石原水産 まぐろチーズ 190g チーズかつお 220g 大 各1袋セット おつまみ お試し おやつ リニューアル,ノーブランド品,石原水産,40690,,,100 %,"1,850",おつまみ・珍味,
B0DGKH4NHV,"石原水産 業務用 1kg 個包装 大容量サイズ おつまみ チーズ お魚屋さんがつくった大人のおつまみ (1kg, チーズかつお)",ノーブランド品,石原水産,43237,,,100 %,"4,130",おつまみ・珍味,
B0BXXB3TLK,石原水産 チーズかつお 220g,石原水産,石原水産,45289,"1,063",1000,0 %,959,おつまみ・珍味,4906283045515
B0BX3V74CP,石原水産 まぐろチーズ 190ｇ,石原水産,石原水産,45728,"1,080",15,0 %,"1,080",魚介類の佃煮,4906283045614
B0GF6X8NGG,HITOSIZUKU 石原水産 まぐろチーズ かつおチーズ 食べるおだし 3種セット おつまみ ギフト 詰め合わせ 珍味 個包装 酒の肴 晩酌 プレゼント (父の日/内祝い/手土産/常温保存),HITOSIZUKU,ひとしずく企画,49768,,,100 %,"3,480",おつまみ・珍味,4595432607119
B0FV5RC1X4,石原水産 製造 チーズかつお まぐろチーズ 業務用 1kg おつまみ 珍味 つまみ 魚介加工品 個包装 食べ比べ ギフト 晩酌 ビール 日本酒 ウイスキー お酒のお供 常温保存 (まぐろ),NAZONO,石原水産,52744,,,100 %,"4,457",塩辛・珍味,4595986803128
B0FV5WVRFL,石原水産 製造 チーズかつお まぐろチーズ 業務用 1kg 大容量 おつまみ 珍味 つまみ 魚介加工品 個包装 食べ比べ ギフト 晩酌 ビール 日本酒 ウイスキー お酒のお供 常温保存 (かつお),NAZONO,石原水産,53250,,,100 %,"4,280",塩辛・珍味,4595986803135
B09RW3FD13,石原水産 まぐろチーズ 190g ３個セット,石原水産,石原水産,56906,,,100 %,"2,564",ナチュラルチーズ,4906283022714
B0D5CQX7QT,石原水産 チーズかつお 220g×2袋セット チーズ おつまみ お魚屋さん がつくった 大人のおつまみ 晩酌 ビール 日本酒 焼酎,ノーブランド品,,57631,,,100 %,"1,789",塩辛・珍味,
B0DT4XNK46,【3袋セット｜チーズかつお220g入】【ジャパンフードセレクション金賞受賞】販売累計1億粒！石原水産の簡単な大人のおつまみ 晩酌 ビール 日本酒 焼酎 ワインの酒の肴｜手軽にお弁当、おかず、おやつのにも｜個包装・真空パック・小分けで便利｜濃厚な鰹角煮と特製チーズの絶妙なハーモニー｜贈答・ギフト,ノーブランド品,石原水産,60523,,,100 %,"2,830",おつまみ・珍味,
B0CKNYLH52,チーズかつお 石原水産 220g おつまみ 珍味 静岡 で1億粒突破 晩酌 かつお チーズ 個包装 おやつ 鰹 角煮,ノーブランド品,石原水産,87296,,,100 %,948,おつまみ・珍味,
B0FG2TTX8C,マグロの生ハム キハダマグロ Mサイズ 魚肉を使った生ハム 赤身 石原水産 鮪 刺身 冷凍ストック (1本),D.P.Life,石原水産,88042,,,100 %,"2,200",おつまみ・珍味,
B0C6MNMSS2,食べるおだし かつお ３袋セット 石原水産,ノーブランド品,石原水産,88304,,,100 %,"1,650",生鮮魚介類・水産加工品,
B0CJ8LG63G,チーズかつお 220g×3 チーズ おつまみ 石原水産 [ 静岡 で1億粒突破] つまみ-セット 摘み,ノーブランド品,石原水産,88472,,,100 %,"2,771",おつまみ・珍味,
B0GHYMFTPP,石原水産 食べるおだし 3種アソート (かつお 50g/まぐろ 35g/ぶり 40g) 各5袋ずつ 計15袋セット ケース販売 かつおスライス,リフココ,石原水産,104307,,,100 %,"6,675",おつまみ・珍味,4580865173003
B0DK6GNB7J,石原水産 食べるおだし 33ｇ×5袋,石原水産,石原水産,105307,"1,867",1000,0 %,"1,828",おつまみ・珍味,4570134971102
B0FTZ2G35M,石原水産 食べるおだし 2種アソート（かつお 50g まぐろ 35g）各5袋ずつ 計10袋セット ケース販売 かつおスライス,リフココ,石原水産,107959,,,100 %,"4,669",おつまみ・珍味,4570139874347
B08W56J39D,網元大将 石原水産 まぐろの角煮110ｇ ゆうパケ,網元大将,石原水産,112022,,,100 %,780,魚介類の佃煮,4906283021724
B0DVYKH2PV,網元大将 石原水産 まぐろの角煮110ｇ (２袋) ゆうパケ,網元大将,石原水産,120621,,,100 %,"1,000",魚介類の佃煮,
B0DWMFLSQH,【３種類】食べるおだし かつお/まぐろ/ぶり (各3袋) 石原水産 まとめ買いセット 生姜醤油仕立て 魚屋のプロが作った万能な燻し乾物 干物 冷奴 パスタ 卵かけご飯 うどん 大人のおつまみ おやつ オードブル アレンジ 自由自在,ノーブランド品,ノーブランド,121115,,,100 %,"3,980",和風だし,
B0038P1FGW,石原水産 チーズかつお 245g,石原水産,石原水産,123204,,,100 %,980,おつまみ・珍味,4906283022981
B0CJ8N139M,チーズかつお 220g×2 まぐろチーズ 190g×2 チーズ おつまみ 石原水産 [ 静岡 で1億粒突破] 摘み,ノーブランド品,石原水産,128406,,,100 %,"3,698",おつまみ・珍味,
B0CJ8MXDW6,チーズかつお 220g×3 まぐろチーズ 190g×3 チーズ おつまみ 石原水産 [ 静岡 で1億粒突破] 摘み,ノーブランド品,石原水産,130251,,,100 %,"5,199",おつまみ・珍味,
B0DK695995,絶旨グルメ 【 まぐろの 生ハム 】180g×2本 [石原水産 静岡県 吉田町 22424097],ノーブランド品,石原水産株式会社,135222,,,100 %,,ハム,
B0CWWJPXW6,まぐろチーズ 190g 石原水産 5袋セット 個包装,Generic,石原水産,135385,,,100 %,"4,298",ナチュラルチーズ,
B0D5CQJL1Z,石原水産 まぐろチーズ 190g×2袋セット チーズ おつまみ お魚屋さんがつくった大人のおつまみ 晩酌 ビール 日本酒 焼酎,ノーブランド品,,138573,,,100 %,"1,880",おつまみ・珍味,
B0C38B8JXG,石原水産 食べるおだし50ｇ (8袋) Topsellerオリジナル開封日シールセット おまけ付き 鰹だし 冷奴のトッピング、パスタ、卵かけご飯,ノーブランド品,,148922,,,100 %,"3,598",洋風だし,
B0FLX3BPPJ,【石原水産】各2袋セット｜合計4袋｜まぐろチーズ190g＆チーズかつお220g｜静岡焼津産｜水産庁長官受賞品・ジャパンフードセレクション金賞受賞｜販売累計1億粒突破！ 食べ比べ 晩酌 ビール 日本酒 焼酎 ワイン 酒の肴｜個包装・真空パック・小分けで便利｜おつまみ・おやつ・お弁当・おかず・贈答に最適,ノーブランド品,ノーブランド,149278,,,100 %,"3,880",乾燥わかめ,
B0CJ8M1BGB,まぐろチーズ 190g×4 チーズ おつまみ 石原水産 [ 静岡 で1億粒突破] つまみ-セット 摘み,ノーブランド品,石原水産,149909,,,100 %,"3,698",おつまみ・珍味,
B0DK69K9HY,お魚屋さんがつくった大人のおつまみ チーズかつお (大・小)×1 & まぐろチーズ(大)×1 (小)×2 計5袋 [石原水産 静岡県 吉田町 22424095],ノーブランド品,石原水産株式会社,162298,,,100 %,,おつまみ・珍味,
B0CWWPM1WT,チーズかつお 石原水産 220g 5袋セット 個包装,Generic,石原水産,163290,,,100 %,"4,364",おつまみ・珍味,
B0DWMJQTXT,【３種類】食べるおだし かつお/まぐろ/ぶり (各5袋) 石原水産 まとめ買いセット 生姜醤油仕立て 魚屋のプロが作った万能な燻し乾物 干物 冷奴 パスタ 卵かけご飯 うどん 大人のおつまみ おやつ オードブル アレンジ 自由自在,ノーブランド品,ノーブランド,165704,,,100 %,"5,980",削り節・鰹節,
B0GHYYKRFV,石原水産 食べるおだし かつお 50g×15袋セット ケース販売 かつおスライス 国産かつお使用 だし香る醤油仕立て,リフココ,石原水産,166929,,,100 %,"6,737",おつまみ・珍味,4580865173102
B0DWMG2L6Y,【３種類】食べるおだし かつお/まぐろ/ぶり (各2袋) 石原水産 まとめ買いセット 生姜醤油仕立て 魚屋のプロが作った万能な燻し乾物 干物 冷奴 パスタ 卵かけご飯 うどん 大人のおつまみ おやつ オードブル アレンジ 自由自在,ノーブランド品,ノーブランド,169519,,,100 %,"2,980",和風だし,
B0GHYP85MR,石原水産 食べるおだし まぐろ 35g×15袋セット ケース販売 だし香る醤油仕立て 焼津産 酒のおつまみ チャック付き袋入り オリジナルおしぼり付き,リフココ,石原水産,181557,,,100 %,"6,840",おつまみ・珍味,4580865173096
B0FLWZ3V7C,【石原水産 】食べるおだし 3種 食べ比べ おためしセット（かつお50g・まぐろ35g・ぶり40g）計125g｜そのまま食べられる天然だし｜高たんぱく・低脂質｜健康 おやつ・おつまみ・料理のトッピング・ギフトに,ノーブランド品,ノーブランド,186652,,,100 %,"1,880",削り節・鰹節,
B0C537NT3R,石原水産 食べるおだし50ｇ (6袋)Topsellerオリジナル開封日シールセット おまけ付き 鰹だし 冷奴のトッピング、パスタ、卵かけご飯,ノーブランド品,,193839,,,100 %,"2,880",洋風だし,
B0DWMJ69WH,【３種類】食べるおだし かつお/まぐろ/ぶり (各1袋) 石原水産 食べ比べセット 生姜醤油仕立て 魚屋のプロが作った万能な燻し乾物 干物 冷奴 パスタ 卵かけご飯 うどん 大人のおつまみ おやつ オードブル アレンジ 自由自在,ノーブランド品,ノーブランド,199666,,,100 %,"1,641",和風だし,
B0C8HNQYT2,食べるおだし かつお50ｇ/まぐろ35g （各3袋×2種類）Topsellerオリジナル開封日シールセット おまけ付き 石原水産 冷奴 パスタ 卵かけご飯 おつまみ おやつ オードブル,ノーブランド品,,202132,,,100 %,"2,824",洋風だし,
B0B2DKDLTH,まぐろチーズ 190g 5個セット 石原水産 おつまみ おやつ 佃煮 角煮 甘口 個包装 [[まぐろチーズ-5p],まぐろ処一条,石原水産,210447,,,100 %,"4,300",魚介類の佃煮,
B0FPCZFJZ6,石原水産 チーズかつお まぐろチーズ 2種アソート 各5袋ずつ 10袋セット ケース販売 個包装 酒のつまみ,リフココ,石原水産,226580,,,100 %,"8,698",おつまみ・珍味,4570139874361
B0DK6HS179,石原水産 まぐろチーズ 41ｇ×5袋,石原水産,石原水産,234299,"1,667",,0 %,"1,703",おつまみ・珍味,4570134971096
B0DXVY3YLP,【お試しセット】焼津石原水産 魚屋がつくった食べるおだし かつお ぶり 乾物 2袋ずつ,ノーブランド品,食べるおだし,253185,,,100 %,"2,890",干物・燻製,
B0DK6H2QK4,石原水産 チーズかつお 47ｇ×5袋,石原水産,石原水産,256296,"1,183",,0 %,"1,511",おつまみ・珍味,4570134971089
B0DBH3CPNW,食べるおだし まぐろ35g (10袋) 開封日シールセット おまけ付き 石原水産 冷奴 パスタ 卵かけご飯 おつまみ おやつ オードブル,ノーブランド品,石原水産株式会社,273053,,,100 %,"4,500",削り節・鰹節,
B0C8HJX1DG,食べるおだし かつお50ｇ/まぐろ35g （各2袋×2種類）Topsellerオリジナル開封日シールセット おまけ付き 石原水産 冷奴 パスタ 卵かけご飯 おつまみ おやつ オードブル,ノーブランド品,,274341,,,100 %,"2,280",削り節・鰹節,
B0BC8DZMXX,お魚屋さんがつくった大人のチーズかつお 1袋 石原水産,ノーブランド品,ノーブランド品,293834,,,100 %,,おつまみ・珍味,
B0DFXLDVDZ,石原水産 2種アソート 食べ比べ（チーズかつお 220g まぐろチーズ 190g）各5袋ずつ 計10袋セット 個包装 おつまみ,ノーブランド品,石原水産,310580,,,100 %,,おつまみ・珍味,
B0F27G9K5R,石原水産 食べるおだし 2種セット ［まぐろ:かつお 各1袋］ お試し 食べ比べ 味付き 削り節 そのまま食べる おつまみ 「食べるおだし2種セット」,ノーブランド品,石原水産,310898,,,100 %,"1,189",洋風だし,
B0C7K9VGGP,食べるおだし かつお50ｇ/まぐろ35g (2種類)Topsellerオリジナル開封日シールセット おまけ付き 石原水産 冷奴 パスタ 卵かけご飯 おつまみ おやつ オードブル,ノーブランド品,,313969,,,100 %,"1,260",洋風だし,
B0DBH1ZN9L,食べるおだし かつお50ｇ/まぐろ35g (各5袋×2種類) 開封日シールセット おまけ付き 石原水産 冷奴 パスタ 卵かけご飯 おつまみ おやつ オードブル,ノーブランド品,石原水産株式会社,366169,,,100 %,"4,380",削り節・鰹節,
B0C7K855YX,食べるおだし まぐろ35g (4袋) Topsellerオリジナル開封日シールセット おまけ付き 石原水産 冷奴 パスタ 卵かけご飯 おつまみ おやつ オードブル,ノーブランド品,,366221,,,100 %,"2,100",和風だし,
B0BC8C2R1Z,【訳アリ★賞味期限間近のため値下げ】お魚屋さんがつくった大人のまぐろチーズ 1袋 石原水産オリジナル開封日シールセット おまけ付き【アウトレット外装なし/個包装 詰め合わせ】,ノーブランド品,ノーブランド品,389423,,,100 %,,おつまみ・珍味,
B0C7KFTZDY,食べるおだし まぐろ35g (3袋) Topsellerオリジナル開封日シールセット おまけ付き 石原水産 冷奴 パスタ 卵かけご飯 おつまみ おやつ オードブル,ノーブランド品,,389903,,,100 %,"1,680",和風だし,
B0D3DHDQ15,【3個セット】石原水産 チーズかつお 220g 3袋セット まとめ買い ジップ袋付き,ノーブランド品,石原水産,395536,,,100 %,,塩辛・珍味,
B0FWXJS99B,【売り切れ次第終了】＜200g×2袋セット＞ 石原水産 食べるおだしシリーズ フレーク 訳あり B級品 常温保存可能 炊きたてご飯・パスタ・うどん用 非常食・防災食にも,ノーブランド品,石原水産,397199,,,100 %,,和風だし,
B00DZIOEF6,石原水産 まぐろチーズ 41g×5袋,石原水産,石原水産,404493,,,100 %,,おつまみ・珍味,4906283022486
B0DWMFXK3R,【6袋セット】食べるおだし ぶり 40g 石原水産 生姜醤油仕立て 魚屋のプロが作った万能な燻し乾物 干物 冷奴 パスタ 卵かけご飯 うどん 大人のおつまみ おやつ オードブル アレンジ 自由自在,ノーブランド品,ノーブランド,406624,,,100 %,"2,880",削り節・鰹節,
B0BH7V2HYZ,お魚屋さんがつくった大人のチーズかつお 220g×5袋 石原水産 Topsellerオリジナル開封日シールセット おまけ付き,ノーブランド品,ノーブランド品,416852,,,100 %,,おつまみ・珍味,
B0CK67JJCR,まぐろチーズ 41g×1 チーズ おつまみ 石原水産 (公式) [ 静岡 で1億粒突破] つまみ-セット (ノベルティ付),ノーブランド品,石原水産,452200,,,100 %,,塩辛・珍味,
B0D5PHBSTZ,チーズかつお 10袋セット 個包装 石原水産 ジャパンフードセレクション金賞受賞 おしぼりセット,ノーブランド品,石原水産,463900,,,100 %,,干物・燻製,
B0F4PVZY2N,【お試しセット】石原水産 まぐろチーズ チーズかつお 大 各1袋セット おつまみ お試し おやつ 『貴方はまるかも!』,ノーブランド品,007,501651,,,100 %,,おつまみ・珍味,
B0DX2BKJ8P,食べるおだし かつお ３袋セット 石原水産,ノーブランド品,石原水産株式会社,517248,,,100 %,"1,658",生鮮魚介類・水産加工品,
B0DX2DZPNZ,食べるおだし まぐろ ３袋セット 石原水産,ノーブランド品,ノーブランド,595555,,,100 %,"1,658",生鮮魚介類・水産加工品,
B0FFLXKMJK,【お試しセット】 おつまみ チーズかつお 47g ＆ まぐろチーズ 41g ＆ 食べるおだし (かつお) 33g 各1袋 [石原水産 静岡県 吉田町 22424385],ノーブランド品,石原水産,606502,,,100 %,,おつまみ・珍味,
B0CP51T6FG,静岡 石原水産 駿河湾産 生桜えび 生しらす セット 計360g 桜えび シラス,わが街とくさんネット,わが街とくさんネット,634795,,,100 %,"5,940",しらす・ちりめん,
B0F3T2628Y,【3袋まとめ売り晩酌セット】石原水産 チーズかつお 47ｇ 石原水産 食べるおだし 33ｇ 石原水産 まぐろチーズ 41ｇ,ノーブランド品,,659875,,,100 %,,和風だし,
B0DBH1DJGL,食べるおだし かつお50g (10袋) 開封日シールセット おまけ付き 石原水産 冷奴 パスタ 卵かけご飯 おつまみ おやつ オードブル,ノーブランド品,石原水産株式会社,677653,,,100 %,"4,500",削り節・鰹節,
B0BXKWM7HV,焼津石原水産 焼津一本釣り 鰹 たたき 産地直送 お取り寄せグルメ 702-1643p,ギフトオンリーワン,焼津石原水産,702306,,,100 %,"4,440",鮮魚,
B0CP4ZNH7C,静岡 石原水産 駿河湾産 釜揚げ 桜えび しらす セット 計210g シラス,わが街とくさんネット,わが街とくさんネット,703123,,,100 %,"4,320",しらす・ちりめん,
B0FFHFFYV4,【お試しセット】 チーズ おつまみ チーズかつお 47g 2袋 計94g [石原水産株式会社 静岡県 吉田町 22424387] おつまみセット セット ふるさと納税,ノーブランド品,石原水産,720992,,,100 %,,おつまみ・珍味,
B0DJGLDYJK,焼津石原水産 天然南まぐろ赤身中とろ切り落し 500g 3830 【 御歳暮 ギフト お歳暮のし 対応可 家庭用 自宅用 贈答用 贈り物 出産祝い 出産内祝い お返し 香典返し 】,ノーブランド品,通販パーク,740854,,,100 %,,生鮮魚介類・水産加工品,
B0DF6TRVZQ,静岡 石原水産 簡単調理 ねぎとろ丼の具4食セット 惣菜【二重包装不可】【お届け不可地域：離島】,わが街とくさんネット,わが街とくさんネット,745940,,,100 %,"3,780",シーフードミックス,
B0CP4FZ14S,チーズかつお 41g×1 チーズ おつまみ 石原水産 (公式) [ 静岡 で1億粒突破] つまみ-セット (ノベルティ付),ノーブランド品,石原水産,750241,,,100 %,,おつまみ・珍味,
B0DF6VWVMC,静岡 石原水産 簡単調理 ねぎとろ丼の具6食セット 惣菜【二重包装不可】【お届け不可地域：離島】,わが街とくさんネット,わが街とくさんネット,776365,,,100 %,"4,860",シーフードミックス,
B0DWMFSG3S,【8袋セット】食べるおだし ぶり 40g 石原水産 生姜醤油仕立て 魚屋のプロが作った万能な燻し乾物 干物 冷奴 パスタ 卵かけご飯 うどん 大人のおつまみ おやつ オードブル アレンジ 自由自在,ノーブランド品,ノーブランド,779307,,,100 %,"3,580",削り節・鰹節,
B0DWMJDZ4J,【10袋セット】食べるおだし ぶり 40g 石原水産 生姜醤油仕立て 魚屋のプロが作った万能な燻し乾物 干物 冷奴 パスタ 卵かけご飯 うどん 大人のおつまみ おやつ オードブル アレンジ 自由自在,ノーブランド品,ノーブランド,782596,,,100 %,"4,300",削り節・鰹節,
B0CJ8MT2CT,まぐろチーズ 41g×6 チーズ おつまみ 石原水産 [ 静岡 で1億粒突破] つまみ-セット 摘み お酒体質CKおまけ,ノーブランド品,石原水産,818427,,,100 %,,おつまみ・珍味,
B0F3X1PWXP,【3袋まとめ売り晩酌セット】石原水産 チーズかつお 47ｇ 石原水産 食べるおだし 33ｇ 石原水産 まぐろチーズ 41ｇ,ノーブランド品,ノーブランド,,,,100 %,,焼きのり,
B0GY42TRTQ,静岡 石原水産 駿河湾産釜揚げ桜えび しらすセット 駿河湾 水揚げ 希少 桜えび しらす 釜揚げ,ノーブランド品,---,,,,100 %,"6,012",魚介類・水産加工品ギフト,
B0CKX4QRD2,【朝市場直行】石原水産 冷凍カツオ 炙りかつお黒胡椒にんにく(1パック・1切入）日本 300g位【冷凍】,ノーブランド品,朝市場直行,,,,100 %,"2,373",鮮魚,
B0CP4YZZXT,静岡 石原水産 駿河湾産 釜揚げ 桜えび しらす セット 計290g シラス,わが街とくさんネット,わが街とくさんネット,,,,100 %,"5,400",シーフードミックス,
B0CP529LVY,静岡 石原水産 駿河湾産 釜揚げ 桜えび しらす セット 計340g シラス,わが街とくさんネット,わが街とくさんネット,,,,100 %,"5,400",シーフードミックス,
B0D93BRZ1D,焼津石原水産 魚屋がつくった食べるおだし 乾物【お届け不可地域：離島】,わが街とくさんネット,わが街とくさんネット,,,,100 %,,乾燥野菜,
B0CP4Z1782,静岡 石原水産 駿河湾産 釜揚げ 桜えび しらす セット 計970g シラス,わが街とくさんネット,わが街とくさんネット,,,,100 %,"12,960",シーフードミックス,
B0CP4ZBBHV,静岡 石原水産 駿河湾産 釜揚げ 桜えび しらす セット 1.47kg シラス,わが街とくさんネット,わが街とくさんネット,,,,100 %,"21,600",シーフードミックス,
B0CP51FFNQ,静岡 石原水産 駿河湾産 釜揚げ 桜えび しらす セット 計1.48kg シラス,わが街とくさんネット,わが街とくさんネット,,,,100 %,"10,800",シーフードミックス,
B095WZ1MZG,石原水産「まぐろチーズ」2袋+「チーズかつお」2袋の4袋セット,石原水産株式会社,石原水産株式会社,,,,100 %,,カテゴリー別,4589681390939
B09K3RCV54,石原水産 食べるおだし 33g,石原水産,石原水産,,,,100 %,,おつまみ・珍味,4906283045218
B0CKX6CJ5T,【朝市場直行】石原水産 冷凍カツオ かつおタタキ（並）(1パック・1切入）太平洋 300g位【冷凍】,ノーブランド品,朝市場直行,,,,100 %,"2,398",鮮魚,
B00DZIOOXI,石原水産 かつおしぐれ煮 200g,石原水産,石原水産,,,,100 %,,魚介類の佃煮,4906283028587
B00DZIOMF8,石原水産 まぐろしぐれ煮 120g,石原水産,石原水産,,,,100 %,,魚介類の佃煮,4906283020550
B00DZIOK0U,石原水産 かつお角煮 250g,石原水産,石原水産,,,,100 %,,魚介類の佃煮,4906283028389
B00DZIOH08,石原水産 つぶっこまぐろ 200g,石原水産,石原水産,,,,100 %,,魚介類の佃煮,4906283021786
B00DZIO7US,石原水産 まぐろのチーズフランク 49g×5袋,石原水産,石原水産,,,,100 %,,おつまみ・珍味,4906283022585
B00DZIOCI0,石原水産 ぷちぷちししゃも明太 38g×5袋,石原水産,石原水産,,,,100 %,,おつまみ・珍味,4906283022684
B00DZIOQPE,石原水産 子持ち風かつお 170g,石原水産,石原水産,,,,100 %,,"おつまみ・珍味, 佃煮",4906283023384
B00DZIOILQ,石原水産 まぐろ角煮 150g,石原水産,石原水産,,,,100 %,,魚介類の佃煮,4906283028280
B00CRE76S6,石原水産 まぐろチーズ 220g,石原バイオサイエンス,石原水産,,,,100 %,,おつまみ・珍味,4906283022714
B00J4FTH6U,10284　石原水産　本場焼津の南まぐろとかつおの尽くし,,,,,,100 %,,ジャンル別,4990911063293
B00925QNXC,10283　石原水産　本場焼津のかつおまぐろ尽くし 0206327,コモライフ,,,,,100 %,,カテゴリー別,4990911063279
B00J4FTB3Y,10274　石原水産　本場焼津のまぐろ丼三昧,,,,,,100 %,,ジャンル別,4990911063231
B00925U0YA,10273　石原水産　まぐろ丼贅沢三昧 0206334,コモライフ,,,,,100 %,,カテゴリー別,
B0FFLJ28J6,マグロ 漬け づけまぐろ 山かけ丼 70g 2パック 計140g 2人前 [石原水産 静岡県 吉田町 22424375] 冷凍 漬けマグロ 漬け丼 鮪 ふるさと納税,ノーブランド,石原水産株式会社,,,,100 %,,冷凍魚,
B0FFLJQ5K5,マグロ 漬け づけまぐろ 旨辛丼 70g 2パック 計140g 2人前 [石原水産 静岡県 吉田町 22424376] 冷凍 漬けマグロ 漬け丼 ふるさと納税,ノーブランド,石原水産株式会社,,,,100 %,,冷凍魚,
B0FFM37R1F,マグロ 漬け づけまぐろ 旨塩丼 80g 2パック 計160g 2人前 [石原水産 静岡県 吉田町 22424377] 冷凍 漬けマグロ 漬け丼 鮪 まぐろ ふるさと納税,ノーブランド,石原水産株式会社,,,,100 %,,冷凍魚,
B0FFLSVMPH,【お試しセット】おつまみ チーズかつお 47g 1袋 ＆ まぐろチーズ 41g 1袋 [石原水産 静岡県 吉田町 22424388] おつまみセット ふるさと納税,ノーブランド品,石原水産,,,,100 %,,おつまみ・珍味,
B0FFHCS32J,【お試しセット】 チーズ おつまみ まぐろチーズ 41g 2袋 計82g [石原水産株式会社 静岡県 吉田町 22424386],ノーブランド品,石原水産,,,,100 %,,おつまみ・珍味,
B0FFM14VTV,まぐろ丼 90g 2パック 計180g 2人前 [石原水産 静岡県 吉田町 22424378] 冷凍 丼 マグロ 鮪 刺身 刺し身 海鮮丼 ふるさと納税,ノーブランド,石原水産株式会社,,,,100 %,,冷凍魚,
B0DK68FTGC,絶旨グルメ 【 まぐろの 生ハム 】180g×3本 [石原水産 静岡県 吉田町 22424096],ノーブランド品,石原水産株式会社,,,,100 %,,ハム,
B09R9V48Q7,石原水産の「マグロの生ハム」,umaimon,石原水産,,,,100 %,,刺身,
B00DZIOAFK,石原水産 チーズかつお 47g×5袋,石原水産,石原水産,,,,100 %,,おつまみ・珍味,4906283022387
B0F6LNVLSL,【お試しセット】焼津石原水産 魚屋がつくった食べるおだし まぐろ旨塩 かつお醬油 乾物 2袋ずつ,ノーブランド品,食べるおだし,,,,100 %,,乾燥野菜,
B0FJ74F5BP,石原水産 チーズかつお 220g x 【10袋セット】 個包装 おつまみ お魚屋さんがつくった大人のおつまみ ポケットペーパーハンドタオル付き,ノーブランド品,石原水産,,,,100 %,,おつまみ・珍味,
B0FDL3TMN6,石原水産 チーズかつお 47g×5袋,ノーブランド品,石原水産,,,,100 %,,おつまみ・珍味,
B0GHNZ9ZR8,石原水産 食べるおだし ぶり(鰤) 40g×15袋セット ケース販売 国産ぶり使用 生姜醤油仕立て 酒のおつまみ 焼津 乾物 干物,リフココ,石原水産,,,,100 %,"6,840",おつまみ・珍味,4580865173072
B0D8HSBJKJ,静岡 石原水産 めかじきのしゃぶすき鍋 150g×6 鍋セット すき焼き【二重包装不可】【お届け不可地域：離島】,わが街とくさんネット,わが街とくさんネット,,,,100 %,"16,200",牛肉,
B0D8HVYGK3,静岡 石原水産 めかじきのしゃぶすき鍋 150g×5 鍋セット すき焼き【二重包装不可】【お届け不可地域：離島】,わが街とくさんネット,わが街とくさんネット,,,,100 %,"14,040",牛肉,
B0D8HQ348H,静岡 石原水産 めかじきのしゃぶすき鍋 150g×4 鍋セット すき焼き【二重包装不可】【お届け不可地域：離島】,わが街とくさんネット,わが街とくさんネット,,,,100 %,"10,800",牛肉,
B0D8HS7T73,静岡 石原水産 めかじきのしゃぶすき鍋 150g×3 鍋セット すき焼き【二重包装不可】【お届け不可地域：離島】,わが街とくさんネット,わが街とくさんネット,,,,100 %,"7,560",牛肉,
B0DF6W4P44,静岡 石原水産 簡単調理 ねぎとろ丼の具8食セット 惣菜【二重包装不可】【お届け不可地域：離島】,わが街とくさんネット,わが街とくさんネット,,,,100 %,"5,940",シーフードミックス,
B0DF6WX3RV,静岡 石原水産 まぐろ丼5種セット 惣菜 海鮮丼【二重包装不可】【お届け不可地域：離島】,わが街とくさんネット,わが街とくさんネット,,,,100 %,"5,940",シーフードミックス,
B0D8HP2XYR,静岡 石原水産 めかじきのしゃぶすき鍋 150g×2 鍋セット すき焼き【二重包装不可】【お届け不可地域：離島】,わが街とくさんネット,わが街とくさんネット,,,,100 %,"5,400",牛肉,
B0D8HTFNMQ,静岡 石原水産 めかじきのしゃぶすき鍋 150g×1 鍋セット すき焼き【二重包装不可】【お届け不可地域：離島】,わが街とくさんネット,わが街とくさんネット,,,,100 %,"4,104",牛肉,
B0FDKWPJ5J,焼津石原水産 魚屋がつくった食べるおだし 和風惣菜【二重包装不可】【お届け不可地域：離島】,わが街とくさんネット,わが街とくさんネット,,,,100 %,"3,456",惣菜,
B0H93RF7G3,焼津 石原水産 食べるおだし 詰め合わせ かつお50g×2、まぐろ35g×2 おつまみ 魚介,ノーブランド品,産直お取り寄せＮセレクト,,,,100 %,"3,456",刺身,
B0H5VV2SRQ,石原水産 ねぎとろ丼の具 160g×3袋 たれ25g×6袋 セット 冷凍 焼津 まぐろたたき ネギトロ丼 海鮮丼 丼のたれ付き 簡単調理,通販パーク,石原水産,,,,100 %,"3,330",どんぶり,
B0HD6M5KNP,3種セット 食べるおだし かつお まぐろ ぶり アソート 石原水産 出汁 オリジナル開封管理ステッカー付 焼津 乾物 干物 大人のおつまみ アソート,ノーブランド品,石原水産,,,,100 %,"1,640",削り節・鰹節,
